S.No.,Country,2008-2009,% share,2009-2010,% share2,2010-2011,% share3,2011-2012,% share4,2012-2013,% share5,2013-2014,% share6,2014-2015,% share7,2015-2016,% share8,2016-2017,% share9,2017-2018,% share10,2018-2019,% share11,2019-2020,% share12,2020-2021,% share13,2021-2022,% share14,2022-2023,% share15,2023-2024,% share16,,Ave Imp,Ave Share
1,AFGHANISTAN,"59,245.85",0.0431,"59,040.37",0.0433,"66,202.40",0.0393,"64,285.52",0.0274,"86,097.21",0.0323,"1,28,759.29",0.0474,"1,61,292.04",0.0589,"2,02,947.88",0.0815,"1,96,747.09",0.0763,"2,79,662.29",0.0932,"3,07,843.46",0.0856,"3,76,560.85",0.112,"3,75,347.66",0.1287,"3,80,601.68",0.0832,"3,65,263.37",0.0635,"5,32,702.47",0.0952,,"2,27,662.46",0.06943125
2,ALBANIA,81.46,0.0001,130.18,0.0001,52.19,0,"63,505.11",0.0271,"16,657.10",0.0062,"1,24,358.56",0.0458,"30,133.36",0.011,"11,392.27",0.0046,"4,375.42",0.0017,"25,075.76",0.0084,"15,963.93",0.0044,"33,538.49",0.01,"6,093.21",0.0021,"22,882.81",0.005,"8,467.62",0.0015,"6,299.06",0.0011,,"23,062.91",0.00806875
3,ALGERIA,"4,51,753.95",0.3287,"4,64,561.87",0.3407,"8,27,286.04",0.4914,"10,18,718.86",0.4343,"3,71,539.82",0.1392,"5,23,166.26",0.1927,"3,37,952.50",0.1235,"1,97,212.09",0.0792,"4,05,542.09",0.1573,"8,13,219.02",0.271,"11,89,954.07",0.331,"14,12,219.37",0.4202,"3,02,507.82",0.1037,"7,49,422.88",0.1639,"12,13,038.98",0.211,"7,34,998.00",0.1314,,"6,88,318.35",0.24495
4,AMERI SAMOA,114.02,0.0001,161.08,0.0001,70.07,0,657.08,0.0003,421.7,0.0002,81,0,404.12,0.0001,739.29,0.0003,92.66,0,195.42,0.0001,0.35,0,"2,195.86",0.0007,725.72,0.0002,1.88,0,13.93,0,39.6,0,,369.61,0.00013125
5,ANDORRA,40.8,0,1.95,0,3.25,0,15.91,0,5.18,0,0.16,0,"3,285.62",0.0012,0.13,0,59.88,0,195.42,  ,27.22,0,24.05,0,4.78,0,1.88,  ,0.16,0,39.07,0,,231.59,8.57E-05
6,ANGOLA,"6,53,900.05",0.4758,"20,01,769.68",1.4679,"23,27,303.79",1.3824,"31,86,848.18",1.3587,"38,94,642.34",1.4591,"36,65,135.82",1.3497,"28,11,832.13",1.0273,"17,98,417.69",0.7222,"17,40,617.22",0.6753,"27,86,327.74",0.9285,"28,14,652.81",0.783,"25,83,209.32",0.7686,"13,90,885.64",0.477,"20,36,232.18",0.4453,"28,95,132.30",0.5035,"28,95,918.90",0.5178,,"24,67,676.61",0.89638125
7,ANGUILLA,17.51,0,33.81,0,3.23,0,61.18,0,0.13,0,3665135.82,  ,40.77,0,3.84,0,0.77,0,118.41,0,129.85,0,68.72,0,132.06,0,21.08,0,22.31,0,244.4,0,,"2,29,127.12",0
8,ANTARTICA,35.38,0,6.44,0,35.1,0,200.55,0.0001,0.13,0,222.93,0.0001,"3,010.33",0.0011,704.21,0.0003,333.89,0.0001,31.95,0,22.98,0,53.3,0,491.69,0.0002,910.99,0.0002,707.03,0.0001,419.31,0.0001,,449.14,0.00014375
9,ANTIGUA,"2,34,594.26",0.1707,"3,16,135.28",0.2318,"7,276.60",0.0043,28.46,0,118.63,0,26.34,0,301.51,0.0001,5.9,0,0.94,0,15.31,0,106.63,0,139.91,0,104.94,0,99.45,0,419.68,0.0001,697.3,0.0001,,"35,004.45",0.02544375
10,ARGENTINA,"1,276.40",0.0009,"1,403.26",0.001,"4,69,004.96",0.2786,"5,21,481.14",0.2223,"6,50,435.38",0.2437,"8,15,532.36",0.3003,"12,16,692.17",0.4445,"16,25,135.05",0.6526,"16,76,299.53",0.6503,"14,36,507.43",0.4787,"13,61,496.66",0.3788,"16,50,963.50",0.4912,"19,46,338.08",0.6675,"31,32,905.93",0.6851,"31,43,272.31",0.5467,"20,64,084.39",0.3691,,"13,57,051.78",0.40070625
11,ARMENIA,8.3,0,1403.26,  ,"3,224.82",0.0019,"2,891.22",0.0012,810.6,0.0003,"1,043.16",0.0004,500.47,0.0002,"9,286.74",0.0037,704.48,0.0003,418.49,0.0001,629.32,0.0002,"1,102.56",0.0003,"70,814.42",0.0243,"1,00,618.92",0.022,"57,899.70",0.0101,"29,829.32",0.0053,,"17,574.11",0.004686667
12,ARUBA,"50,49,651.71",3.674,"58,66,199.07",4.3016,864.3,0.0005,54.17,0,128.88,0,83.34,0,17.21,0,195.3,0.0001,"2,850.27",0.0011,257.77,0.0001,382.45,0.0001,215.68,0.0001,597.69,0.0002,"1,314.69",0.0003,622.38,0.0001,972.2,0.0002,,"6,82,775.44",0.49865
13,AUSTRALIA,"3,20,738.18",0.2334,"3,72,695.63",0.2733,"49,18,755.83",2.9218,"74,61,961.91",3.1814,"71,21,710.96",2.6681,"58,95,759.05",2.1712,"62,70,102.96",2.2908,"58,18,066.66",2.3363,"74,86,443.46",2.9043,"90,19,721.94",3.0055,"91,63,831.81",2.5493,"69,18,324.06",2.0584,"60,97,078.89",2.0909,"1,25,02,983.17",2.7342,"1,52,00,282.02",2.6436,"1,33,78,356.66",2.392,,"73,71,675.82",2.27840625
14,AUSTRIA,"86,416.95",0.0629,"1,33,572.24",0.0979,"3,71,772.18",0.2208,"5,19,590.96",0.2215,"5,03,394.79",0.1886,"5,01,811.16",0.1848,"4,98,236.97",0.182,"5,42,210.45",0.2177,"6,08,498.12",0.2361,"6,27,436.73",0.2091,"5,00,420.45",0.1392,"4,45,860.82",0.1327,"4,60,978.73",0.1581,"6,15,116.08",0.1345,"6,74,076.93",0.1172,"7,63,882.55",0.1366,,"4,90,829.76",0.16498125
15,AZERBAIJAN,"19,754.74",0.0144,229.12,0.0002,"91,110.79",0.0541,"3,26,550.13",0.1392,"2,84,778.89",0.1067,"6,85,702.70",0.2525,"1,18,897.41",0.0434,"48,686.71",0.0196,"3,10,494.67",0.1205,"3,82,752.21",0.1275,"1,02,919.28",0.0286,"1,94,303.53",0.0578,"1,68,328.63",0.0577,"78,559.92",0.0172,"3,89,635.49",0.0678,607.91,0.0001,,"2,00,207.01",0.06920625
16,BAHAMAS,"6,36,671.99",0.4632,"2,38,454.94",0.1749,"2,028.91",0.0012,"1,593.74",0.0007,"55,553.32",0.0208,"3,05,211.14",0.1124,413.04,0.0002,"51,061.23",0.0205,"1,72,764.65",0.067,"26,090.62",0.0087,"27,517.98",0.0077,"10,265.00",0.0031,"26,347.56",0.009,"2,617.98",0.0006,"2,943.22",0.0005,"17,264.65",0.0031,,"98,550.00",0.05585
17,BAHARAIN IS,"1,41,846.07",0.1032,"1,20,528.14",0.0884,"2,91,949.76",0.1734,"4,32,624.88",0.1845,"3,59,671.24",0.1348,"3,44,888.13",0.127,"2,72,004.96",0.0994,"2,33,866.38",0.0939,"1,95,085.05",0.0757,"2,78,292.20",0.0927,"3,77,480.56",0.105,"2,99,033.20",0.089,"4,04,103.61",0.1386,"5,62,961.00",0.1231,"8,14,232.06",0.1416,"6,87,409.78",0.1229,,"3,63,498.56",0.118325
18,BANGLADESH PR,37.46,0,95.62,0.0001,"2,03,138.64",0.1207,"2,79,636.10",0.1192,"3,46,792.73",0.1299,"2,90,332.86",0.1069,"3,79,440.83",0.1386,"4,76,707.24",0.1914,"4,70,773.13",0.1826,"4,41,997.78",0.1473,"7,33,869.49",0.2042,"8,97,514.07",0.267,"8,05,347.95",0.2762,"14,74,950.21",0.3226,"16,24,526.23",0.2825,"15,26,812.52",0.273,,"6,21,998.30",0.1726375
19,BARBADOS,"1,25,541.11",0.0913,"2,06,616.33",0.1515,69.8,0,363.41,0.0002,52.03,0,68.7,0,100.64,0,107.46,0,121.21,0,128.98,0,"1,227.96",0.0003,"1,046.94",0.0003,448.4,0.0002,627.36,0.0001,"1,045.25",0.0002,"2,692.66",0.0005,,"21,266.14",0.0152875
20,BELARUS,"26,05,788.66",1.8959,"28,46,578.31",2.0873,"93,994.27",0.0558,"89,883.91",0.0383,"1,16,201.59",0.0435,"94,705.35",0.0349,"1,11,371.05",0.0407,"1,06,587.44",0.0428,"1,14,293.44",0.0443,"1,33,782.43",0.0446,"1,58,218.52",0.044,"1,03,650.19",0.0308,"2,13,145.94",0.0731,"2,84,137.82",0.0621,"53,163.24",0.0092,"12,610.81",0.0023,,"4,46,132.06",0.28435
21,BELGIUM,48.19,0,174.38,0.0001,"39,17,866.54",2.3273,"49,75,727.42",2.1214,"54,53,675.79",2.0432,"64,67,230.82",2.3817,"65,93,873.86",2.4091,"54,00,131.46",2.1685,"44,39,563.86",1.7223,"38,64,569.12",1.2877,"73,00,229.11",2.0308,"62,83,075.35",1.8694,"51,24,677.10",1.7575,"74,17,679.12",1.6221,"73,58,518.64",1.2798,"59,92,478.27",1.0714,,"50,36,844.94",1.63076875
22,BELIZE,"49,119.57",0.0357,"59,721.30",0.0438,95.1,0.0001,38.02,0,114.9,0,943.78,0.0003,130.36,0,651.66,0.0003,348.61,0.0001,876.9,0.0003,451.78,0.0001,672.63,0.0002,371.57,0.0001,369.71,0.0001,849.8,0.0001,226.55,0,,"7,186.39",0.005075
23,BENIN,"31,262.39",0.0227,93.99,0.0001,"70,043.33",0.0416,"1,19,981.42",0.0512,"1,34,996.28",0.0506,"1,00,098.27",0.0369,"1,34,270.18",0.0491,"1,77,788.10",0.0714,"1,39,130.10",0.054,"1,43,688.67",0.0479,"2,60,431.23",0.0724,"2,53,394.30",0.0754,"2,43,990.03",0.0837,"2,98,434.69",0.0653,"3,59,383.60",0.0625,"1,78,060.24",0.0318,,"1,65,315.43",0.0510375
24,BERMUDA,"68,786.18",0.05,"72,298.50",0.053,1.77,0,119981.42,  ,24.22,0,100098.27,  ,57.7,0,0.2,0,11,0,2.75,0,"5,342.19",0.0015,0.01,0,29.15,0,9.09,0,40.71,0,"1,78,060.24",0.0318,,"34,046.46",0.009735714
25,BHUTAN,"3,421.21",0.0025,"1,589.63",0.0012,"91,735.68",0.0545,"97,357.11",0.0415,"89,244.65",0.0334,"91,932.97",0.0339,"91,527.93",0.0334,"1,82,684.98",0.0734,"2,06,299.31",0.08,"2,43,580.96",0.0812,"2,59,008.62",0.0721,"2,87,076.86",0.0854,"3,21,422.74",0.1102,"4,05,416.62",0.0887,"4,30,989.42",0.075,"2,80,749.36",0.0502,,"1,92,752.38",0.0572875
26,BOLIVIA,632.41,0.0005,239.31,0.0002,"3,048.25",0.0018,"1,932.69",0.0008,"4,002.79",0.0015,"1,443.16",0.0005,"2,191.87",0.0008,"1,58,033.53",0.0635,"1,16,654.77",0.0453,"4,30,403.16",0.1434,"5,98,857.66",0.1666,"5,99,581.85",0.1784,"8,53,717.82",0.2928,"15,45,912.46",0.3381,"20,36,545.31",0.3542,"8,99,413.57",0.1608,,"4,53,288.16",0.109325
27,BOSNIA-HRZGOVIN,"9,778.74",0.0071,"3,275.86",0.0024,"8,604.01",0.0051,"8,631.30",0.0037,"10,592.59",0.004,"1,006.65",0.0004,"2,607.82",0.001,"2,874.95",0.0012,"2,226.79",0.0009,"5,638.05",0.0019,"1,711.64",0.0005,"2,374.83",0.0007,"1,425.31",0.0005,"2,258.11",0.0005,"2,026.32",0.0004,"4,301.47",0.0008,,"4,333.40",0.00194375
28,BOTSWANA,147.86,0.0001,77.57,0.0001,"12,165.86",0.0072,"25,398.22",0.0108,"31,281.84",0.0117,"2,36,081.22",0.0869,"6,16,766.77",0.2253,"3,53,875.58",0.1421,"8,76,627.31",0.3401,"10,56,068.63",0.3519,"6,80,985.35",0.1894,"5,28,431.82",0.1572,"3,39,400.69",0.1164,"3,93,041.59",0.086,"3,67,158.39",0.0639,"2,69,990.68",0.0483,,"3,61,718.71",0.1148375
29,BR VIRGN IS,"5,44,949.69",0.3965,"16,25,997.86",1.1923,397.61,0.0002,204.99,0.0001,535.8,0.0002,97.53,0,501.21,0.0002,"1,031.60",0.0004,"4,499.18",0.0017,565.22,0.0002,"11,714.91",0.0033,"6,053.71",0.0018,"8,174.10",0.0028,"10,919.68",0.0024,"8,629.81",0.0015,"1,17,232.27",0.021,,"1,46,344.07",0.1015375
30,BRAZIL,"1,88,194.37",0.1369,"2,02,852.73",0.1487,"16,06,429.86",0.9542,"20,42,032.01",0.8706,"26,43,882.72",0.9905,"22,54,729.99",0.8303,"33,03,653.63",1.207,"26,39,248.46",1.0598,"27,65,261.71",1.0728,"35,42,854.16",1.1805,"30,83,996.67",0.8579,"21,82,203.85",0.6493,"22,34,485.65",0.7663,"42,57,459.26",0.931,"53,77,961.94",0.9353,"51,44,635.04",0.9199,,"27,16,867.63",0.8444375
31,BRUNEI,"27,187.64",0.0198,"15,470.76",0.0113,"1,06,485.70",0.0633,"2,85,369.97",0.1217,"4,40,597.91",0.1651,"4,57,496.70",0.1685,"5,13,396.97",0.1876,"3,61,037.07",0.145,"4,20,846.95",0.1633,"2,80,459.23",0.0935,"4,12,202.70",0.1147,"4,17,035.82",0.1241,"2,42,739.70",0.0832,"2,92,792.78",0.064,"2,45,827.79",0.0428,"1,81,709.92",0.0325,,"2,93,791.10",0.100025
32,BULGARIA,"18,889.87",0.0137,"2,934.78",0.0022,"26,266.37",0.0156,"47,006.33",0.02,"49,112.72",0.0184,"56,792.55",0.0209,"63,418.90",0.0232,"61,564.98",0.0247,"1,22,007.72",0.0473,"91,573.50",0.0305,"87,564.22",0.0244,"1,01,849.78",0.0303,"92,850.81",0.0318,"1,29,270.86",0.0283,"3,49,602.16",0.0608,"1,59,427.66",0.0285,,"91,258.33",0.0262875
33,BURKINA FASO,323.13,0.0002,353.81,0.0003,"1,895.13",0.0011,"7,767.35",0.0033,"7,960.96",0.003,"10,094.28",0.0037,"93,735.45",0.0342,"1,55,032.22",0.0623,"1,71,503.61",0.0665,"4,08,139.06",0.136,"6,14,860.58",0.171,"3,83,941.87",0.1142,"2,65,072.62",0.0909,"3,17,266.29",0.0694,"91,875.61",0.016,"1,68,392.24",0.0301,,"1,68,638.39",0.0501375
34,BURUNDI,"1,149.03",0.0008,313.86,0.0002,110.15,0.0001,293.07,0.0001,124.31,0,112.13,0,179.21,0.0001,70.57,0,"1,069.45",0.0004,"10,646.98",0.0035,"3,082.01",0.0009,"2,689.50",0.0008,51.37,0,29.78,0,304.15,0.0001,63,0.0301,,"1,268.04",0.00231875
35,C AFRI REP,"1,197.33",0.0009,"2,405.90",0.0018,700.9,0.0004,963.1,0.0004,"1,090.02",0.0004,547.19,0.0002,384.69,0.0001,544.08,0.0002,253.99,0.0001,"6,367.75",0.0021,"1,414.18",0.0004,397.06,0.0001,168.61,0.0001,139.03,0,"2,118.70",0.0004,194.62,0,,"1,180.45",0.000475
36,CAMBODIA,"14,390.41",0.0105,"63,985.51",0.0469,"3,637.69",0.0022,"3,463.66",0.0015,"6,469.52",0.0024,"7,729.41",0.0028,"10,978.57",0.004,"35,973.42",0.0144,"24,213.58",0.0094,"35,970.85",0.012,"29,827.59",0.0083,"33,060.57",0.0098,"29,138.91",0.01,"70,907.52",0.0155,"1,18,243.00",0.0206,"1,81,010.65",0.0324,,"41,812.55",0.01266875
37,CAMEROON,"11,29,675.53",0.8219,"9,95,411.34",0.7299,"62,759.24",0.0373,"2,46,180.50",0.105,"2,41,352.92",0.0904,"1,62,409.49",0.0598,"4,54,151.41",0.1659,"3,61,947.40",0.1453,"2,41,123.52",0.0935,"1,37,331.13",0.0458,"2,35,575.89",0.0655,"4,79,379.09",0.1426,"1,48,600.28",0.051,"6,06,364.14",0.1326,"4,30,656.36",0.0749,"6,53,596.20",0.1169,,"4,11,657.15",0.17989375
38,CANADA,159.85,0.0001,54.63,0,"9,24,330.56",0.5491,"14,11,266.24",0.6017,"15,27,698.70",0.5724,"19,02,983.03",0.7008,"22,96,607.16",0.8391,"27,79,277.24",1.116,"27,72,611.24",1.0756,"30,47,906.85",1.0156,"24,65,576.68",0.6859,"27,42,345.93",0.8159,"19,95,930.67",0.6845,"23,35,021.65",0.5106,"33,49,661.07",0.5826,"37,52,073.75",0.6709,,"20,81,469.08",0.6513
39,CANARY IS,58.67,0,692.36,0.0005,950.91,0.0006,"1,617.64",0.0007,"1,857.14",0.0007,"1,883.94",0.0007,"1,828.58",0.0007,"1,805.56",0.0007,"1,276.72",0.0005,"1,816.12",0.0006,"2,032.26",0.0006,"1,443.44",0.0004,"1,506.76",0.0005,"3,445.98",0.0008,"3,549.84",0.0006,"3,843.04",0.0007,,"1,850.56",0.00058125
40,CAPE VERDE IS,"1,883.47",0.0014,"3,323.91",0.0024,11.75,0,3.9,0,0.11,0,7.69,0,0.23,0,1805.56,  ,12.71,0,"4,166.00",0.0014,165.42,0,"1,030.28",0.0003,"63,204.70",0.0217,69.3,0,0.73,0,0.35,0,,"4,730.38",0.001813333
41,CAYMAN IS,1883.47,  ,0.08,0,258.22,0.0002,"19,983.80",0.0085,"84,524.18",0.0317,"6,784.39",0.0025,"38,954.85",0.0142,"2,07,730.58",0.0834,"1,13,839.58",0.0442,"96,153.19",0.032,"3,35,532.33",0.0933,"1,91,444.39",0.057,"36,743.17",0.0126,"2,230.05",0.0005,"4,928.69",0.0009,"3,019.74",0.0005,,"71,500.67",0.025433333
42,CHAD,"6,66,443.07",0.4849,"5,24,722.57",0.3848,258.22,0.0002,"10,28,955.78",0.4387,"16,21,374.25",0.6074,"15,22,960.20",0.5609,"18,80,589.92",0.6871,"12,75,942.54",0.5124,"8,22,920.98",0.3192,"13,47,763.42",0.4491,"8,64,230.97",0.2404,"8,31,272.84",0.2473,"4,97,917.28",0.1708,"10,18,234.82",0.2227,"11,51,973.87",0.2004,"12,53,506.08",0.2241,,"10,19,316.68",0.3594
43,CHANNEL IS,"1,47,60,559.50",10.7394,"1,46,04,861.20",10.7095,"7,05,638.27",0.4192,"2,65,46,561.90",11.3183,"2,84,38,458.52",10.6545,"3,09,23,495.99",11.388,"3,69,56,536.01",13.5021,"4,04,05,084.15",16.225,"4,11,10,329.33",15.9486,"4,92,23,616.54",16.4022,"4,92,07,928.34",13.6891,"4,61,52,476.82",13.732,"4,82,49,579.90",16.5467,"7,05,12,313.21",15.42,"7,90,93,162.64",13.7558,"8,42,46,728.16",15.0632,,"4,13,21,083.16",12.8446
44,CHILE,260.81,0.0002,"3,155.04",0.0023,"1,98,07,907.58",11.7661,0.84,0,41.82,0,40.46,0,50.32,0,0.28,0,11.8,0,428.99,0.0001,49207928.34,  ,10.67,0,1.47,0,24.93,0,79093162.64,13.7558,73,15.0632,,"92,57,068.69",2.705846667
45,CHINA P RP,18.63,0,9.92,0,26.41,0,14.72,0,41.82,0,0.72,0,50.32,  ,"5,26,588.92",0.2115,"3,98,499.97",0.1546,3.05,0,1.5,0,"5,76,842.95",0.1716,"10,38,999.73",0.3563,"22,13,169.02",0.484,"21,09,761.05",0.3669,"25,56,554.92",0.4571,,"5,88,786.48",0.1468
46,CHRISTMAS IS.,"8,104.24",0.0059,"2,00,909.96",0.1473,"22,188.55",0.0132,"2,72,312.36",0.1161,"12,81,251.60",0.48,"29,99,627.90",1.1047,"13,07,005.55",0.4775,"10,009.21",0.004,"17,274.05",0.0067,"3,82,321.78",0.1274,"7,39,350.31",0.2057,"14,047.07",0.0042,"9,243.32",0.0032,"11,100.32",0.0024,"13,154.90",0.0023,"15,451.63",0.0028,,"4,56,459.55",0.1689625
47,COCOS IS,143.44,0.0001,320.18,0.0002,"3,86,557.80",0.2296,"1,469.54",0.0006,"4,352.81",0.0016,"4,070.76",0.0015,"6,965.65",0.0025,"62,407.84",0.0251,"57,586.98",0.0223,"24,015.19",0.008,"23,057.97",0.0064,"22,754.59",0.0068,"7,580.74",0.0026,"23,416.50",0.0051,"1,75,492.94",0.0305,"1,72,427.73",0.0308,,"60,788.79",0.02335625
48,COLOMBIA,"47,379.75",0.0345,"67,714.27",0.0497,"3,823.66",0.0023,456.04,0.0002,4352.81,0.0016,"27,727.47",0.0102,"77,030.74",0.0281,"1,30,467.86",0.0524,"1,04,938.30",0.0407,"1,45,287.21",0.0484,"13,330.13",0.0037,"4,09,625.42",0.1219,"1,82,969.96",0.0627,"9,83,477.76",0.2151,"16,30,177.97",0.2835,"1,01,809.32",0.0182,,"2,45,660.54",0.060825
49,COMOROS,"2,18,453.37",0.1589,"2,56,994.16",0.1884,"4,474.81",0.0027,"1,27,482.83",0.0544,"2,50,088.34",0.0937,"53,932.60",0.0199,"2,23,113.33",0.0815,130467.86,  ,"39,423.69",0.0153,"1,28,321.44",0.0428,"2,86,251.85",0.0796,409625.42,  ,24.76,0,"47,102.98",0.0103,"48,816.90",0.0085,"97,601.71",0.0175,,"1,45,136.00",0.05525
50,CONGO D. REP.,0.2,0,256994.16,  ,"2,48,015.56",0.1473,17.29,0,250088.34,0.0937,"1,23,594.06",0.0455,1.67,0,"40,268.08",0.0162,"3,05,620.48",0.1186,4.79,0,13.45,0,"34,274.55",0.0102,"35,044.57",0.012,"3,51,448.24",0.0769,"5,30,162.83",0.0922,"3,17,996.08",0.0569,,"1,55,846.52",0.044633333
51,CONGO P REP,"33,977.75",0.0247,"44,336.25",0.0325,36.77,0,"97,882.74",0.0417,"1,19,693.27",0.0448,"1,79,056.37",0.0659,"94,184.83",0.0344,"3,69,707.74",0.1485,"17,002.67",0.0066,"43,361.78",0.0144,"34,962.17",0.0097,"3,19,299.75",0.095,"2,35,214.51",0.0807,"44,193.63",0.0097,"95,467.14",0.0166,"48,096.14",0.0086,,"1,11,029.59",0.0396125
52,COOK IS,"1,45,197.24",0.1056,"1,42,477.24",0.1045,"43,596.26",0.0259,"2,25,893.57",0.0963,"2,10,488.80",0.0789,"5,845.90",0.0022,"3,21,569.28",0.1175,"23,564.02",0.0095,878.5,0.0003,"2,84,686.48",0.0949,"4,19,570.92",0.1167,"40,345.57",0.012,"31,549.48",0.0108,739.67,0.0002,"3,956.02",0.0007,"1,814.68",0.0003,,"1,18,885.85",0.04851875
53,COSTA RICA,"7,137.32",0.0052,"12,579.35",0.0092,"1,15,212.62",0.0684,"11,490.38",0.0049,"9,920.15",0.0037,"1,469.38",0.0005,"17,353.95",0.0063,877.3,0.0004,"44,483.01",0.0173,"20,648.25",0.0069,"26,846.77",0.0075,"2,522.21",0.0008,"51,444.87",0.0176,"55,589.71",0.0122,"94,038.46",0.0164,"34,824.37",0.0062,,"31,652.38",0.01146875
54,COTE D' IVOIRE,616.25,0.0004,501.87,0.0004,"13,001.56",0.0077,"1,888.32",0.0008,"2,159.65",0.0008,"12,183.26",0.0045,960.67,0.0004,"31,392.27",0.0126,"3,61,760.83",0.1403,"1,326.59",0.0004,"2,661.41",0.0007,"52,950.61",0.0158,"17,778.41",0.0061,"4,40,990.45",0.0964,"6,24,343.51",0.1086,"6,10,031.86",0.1091,,"1,35,909.22",0.0315625
55,CROATIA,"68,127.22",0.0496,"6,672.31",0.0049,502.85,0.0003,"13,016.52",0.0055,"11,588.51",0.0043,"3,13,987.16",0.1156,"13,969.50",0.0051,"3,31,895.22",0.1333,"3,23,083.97",0.1253,"8,673.89",0.0029,"2,73,690.87",0.0761,"2,12,747.87",0.0633,"2,90,622.49",0.0997,"6,64,439.10",0.1453,"6,18,833.64",0.1076,"7,59,207.24",0.1357,,"2,44,441.15",0.06715625
56,CUBA,"2,18,371.15",0.1589,"2,65,889.52",0.195,"9,303.58",0.0055,"3,42,663.31",0.1461,"3,50,212.17",0.1312,"2,69,152.23",0.0991,"3,16,601.80",0.1157,"2,81,196.34",0.1129,"1,897.17",0.0007,"4,31,538.36",0.1438,"1,80,771.42",0.0503,"4,48,431.76",0.1334,"4,36,570.52",0.1497,"31,027.57",0.0068,"45,063.18",0.0078,"18,400.55",0.0033,,"2,27,943.16",0.0912625
57,CYPRUS,"2,18,073.47",0.1587,"2,82,876.68",0.2074,"3,07,923.80",0.1829,"2,93,219.65",0.125,"2,94,972.26",0.1105,"2,426.24",0.0009,"2,80,094.30",0.1023,793.38,0.0003,"4,51,477.44",0.1751,"3,64,067.88",0.1213,"3,75,277.20",0.1044,"13,769.32",0.0041,"14,901.46",0.0051,"4,84,245.73",0.1059,"2,91,080.57",0.0506,"4,72,624.76",0.0845,,"2,59,239.01",0.0961875
58,CZECH REPUBLIC,"1,685.39",0.0012,564.31,0.0004,"2,15,368.79",0.1279,"1,032.84",0.0004,"2,811.38",0.0011,"7,584.00",0.0028,904.18,0.0003,"3,14,610.48",0.1263,524.49,0.0002,"3,508.90",0.0012,"11,004.01",0.0031,"2,54,877.02",0.0758,"1,88,089.43",0.0645,141.9,0,486.13,0.0001,414.12,0.0001,,"62,725.46",0.0253375
59,DENMARK,"4,763.87",0.0035,"4,476.22",0.0033,"1,093.92",0.0006,"3,184.58",0.0014,"5,901.94",0.0022,42.98,0,"1,80,321.98",0.0659,62.29,0,"2,38,436.18",0.0925,"4,17,233.01",0.139,"3,99,987.70",0.1113,174.96,0.0001,184.06,0.0001,"7,53,781.70",0.1648,"8,16,261.58",0.142,"6,58,474.41",0.1177,,"2,17,773.84",0.052775
60,DJIBOUTI,291.4,0.0002,231.5,0.0002,"7,217.24",0.0043,132.84,0.0001,862.31,0.0003,"1,58,780.52",0.0585,62.7,0,"3,65,202.17",0.1466,"7,81,042.81",0.303,177.13,0.0001,222.24,0.0001,"2,55,549.59",0.076,"2,47,931.70",0.085,"26,23,628.39",0.5737,"15,66,833.99",0.2725,"10,15,887.27",0.1816,,"4,39,003.36",0.1063875
61,DOMINIC REP,"15,004.57",0.0109,"32,176.25",0.0236,153.85,0.0001,"21,670.25",0.0092,"4,70,824.03",0.1764,"14,39,114.11",0.53,"6,41,478.47",0.2344,"7,92,178.69",0.3181,"3,871.05",0.0015,"1,25,030.20",0.0417,"1,53,989.86",0.0428,"14,39,089.09",0.4282,"14,01,948.41",0.4808,"3,058.96",0.0007,"1,851.15",0.0003,"2,152.77",0.0004,,"4,08,974.48",0.14369375
62,DOMINICA,"9,76,506.19",0.7105,"8,03,588.19",0.5893,"75,495.00",0.0448,"14,35,052.72",0.6118,"13,85,426.15",0.519,"4,811.83",0.0018,"10,64,543.80",0.3889,"4,016.46",0.0016,"5,35,255.58",0.2077,"8,33,268.83",0.2777,"11,69,816.17",0.3254,"2,267.15",0.0007,"2,840.22",0.001,"6,58,112.07",0.1439,"5,61,015.71",0.0976,"2,65,366.16",0.0474,,"6,11,086.39",0.24806875
63,ECUADOR,"2,665.85",0.0019,"2,545.60",0.0019,"6,15,785.56",0.3658,"3,961.80",0.0017,"4,718.83",0.0018,"1,86,861.36",0.0688,"6,304.36",0.0023,"3,01,162.32",0.1209,"24,223.59",0.0094,"5,823.11",0.0019,"2,943.64",0.0008,"6,85,782.18",0.204,"2,11,394.33",0.0725,91.63,0,2.15,0,"1,14,484.44",0.0205,,"1,35,546.92",0.0546375
64,EGYPT A RP,88.42,0.0001,"1,25,757.52",0.0922,"2,458.04",0.0015,"1,04,437.74",0.0445,"2,86,584.21",0.1074,"2,885.95",0.0011,"4,58,072.28",0.1674,"1,09,347.39",0.0439,"68,705.77",0.0267,"4,86,860.60",0.1622,"4,42,648.96",0.1231,0.04,0,0.71,0,"53,883.11",0.0118,"1,13,468.89",0.0197,"67,828.17",0.0121,,"1,45,189.24",0.05085625
65,EL SALVADOR,"2,740.54",0.002,77.7,0.0001,55.83,0,"1,686.45",0.0007,"5,943.04",0.0022,"71,008.87",0.0262,"1,40,875.50",0.0515,"91,316.96",0.0367,"44,901.56",0.0174,"1,264.02",0.0004,0.49,0,"38,333.84",0.0114,"44,679.46",0.0153,"46,402.36",0.0101,"45,537.35",0.0079,984.78,0.0002,,"33,488.05",0.01138125
66,EQUTL GUINEA,"7,138.32",0.0052,"15,805.44",0.0116,344.47,0.0002,"1,15,121.34",0.0491,"1,20,127.66",0.045,"16,960.66",0.0062,"72,012.34",0.0263,"39,876.89",0.016,44901.56,  ,"39,029.94",0.013,"75,530.67",0.021,"69,431.59",0.0207,"24,209.81",0.0083,46402.36,  ,65.57,0,"7,55,140.67",0.135,,"90,131.21",0.025542857
67,ERITREA,"5,127.45",0.0037,"8,814.35",0.0065,"20,313.87",0.0121,"13,865.92",0.0059,"20,930.30",0.0078,988.14,0.0004,"27,166.54",0.0099,"1,107.79",0.0004,4.7,0,"30,609.19",0.0102,"37,759.70",0.0105,22.23,0,24209.81,0.0083,365.86,0.0001,82.23,0,522.93,0.0001,,"11,993.19",0.00474375
68,ESTONIA,436.63,0.0003,365.94,0.0003,"14,939.94",0.0089,"1,375.63",0.0006,795.95,0.0003,0.16,0,"1,589.85",0.0006,23.1,0,400.09,0.0002,3.48,0,20.48,0,404.15,0.0001,983.59,0.0003,"6,53,834.72",0.143,"12,01,664.09",0.209,219.44,0,,"1,17,316.08",0.022725
69,ETHIOPIA,11.64,0,29.25,0,619.61,0.0004,19.1,0,795.95,0.0003,"1,148.75",0.0004,39.86,0,243.76,0.0001,"6,79,193.12",0.2635,314.67,0.0001,498.52,0.0001,"4,42,606.24",0.1317,"5,27,809.69",0.181,245.14,0.0001,"1,427.96",0.0002,"51,64,174.60",0.9233,,"4,26,198.62",0.093825
70,FALKLAND IS,325.99,0.0002,638.2,0.0005,"3,323.77",0.002,"1,194.01",0.0005,753.5,0.0003,"6,42,189.88",0.2365,"1,112.89",0.0004,"6,55,012.19",0.263,978.15,0.0004,"9,02,266.44",0.3007,"7,79,505.34",0.2169,"2,017.21",0.0006,962.65,0.0003,824.72,0.0002,407.4,0.0001,"2,63,987.44",0.0472,,"2,03,468.74",0.0668625
71,FAROE IS.,"5,57,769.67",0.4058,"4,78,772.54",0.3511,"1,355.23",0.0008,"10,09,484.39",0.4304,"6,00,537.79",0.225,"1,529.24",0.0006,"5,59,980.29",0.2046,777.34,0.0003,7.8,0,550.71,0.0002,"1,284.66",0.0004,38.01,0,54.48,0,"43,05,326.35",0.9415,"50,01,864.68",0.8699,"34,261.13",0.0061,,"7,84,599.64",0.21479375
72,FIJI IS,"2,527.82",0.0018,288.34,0.0002,"7,52,769.42",0.4472,"50,707.01",0.0216,742.44,0.0003,14.1,0,871.14,0.0003,16.24,0,7.8,  ,46.58,0,7.09,0,"43,66,095.61",1.2991,"32,16,077.19",1.1029,"7,95,744.50",0.174,"3,15,037.28",0.0548,"83,591.87",0.0149,,"5,99,034.03",0.207806667
73,FINLAND,44.78,0,0.01,0,96.7,0.0001,11.91,0,7.89,0,15.9,0,16.69,0,17.92,0,"38,26,374.09",1.4844,"42,03,232.80",1.4006,"46,59,809.26",1.2963,"97,829.22",0.0291,"2,99,620.39",0.1028,"32,403.69",0.0071,"40,945.40",0.0071,"1,34,63,754.20",2.4073,,"16,64,011.30",0.420925
74,FR GUIANA,1.92,0,0.01,  ,4.96,0,11.91,  ,12.25,0,"22,33,134.10",0.8224,16.69,  ,"24,42,014.05",0.9806,"46,622.20",0.0181,"2,54,712.03",0.0849,"3,19,302.77",0.0888,"28,898.24",0.0086,"28,516.31",0.0098,"1,47,474.58",0.0323,"1,34,976.80",0.0235,"11,71,734.81",0.2095,,"4,25,464.60",0.175269231
75,FR POLYNESIA,"21,16,519.65",1.5399,"19,82,887.29",1.454,4.15,0,"20,82,646.00",0.8879,"25,35,102.98",0.9498,"5,07,703.34",0.187,"27,03,005.36",0.9875,"69,135.71",0.0278,"28,957.26",0.0112,"37,795.06",0.0126,"31,578.68",0.0088,"8,078.39",0.0024,"63,839.42",0.0219,"1,11,54,751.82",2.4394,"1,33,53,136.31",2.3224,250.17,0,,"22,92,211.97",0.6782875
76,FR S ANT TR,"76,962.53",0.056,"86,373.14",0.0633,"16,86,657.13",1.0019,"72,108.43",0.0307,"4,47,986.89",0.1678,"18,222.61",0.0067,"4,81,078.29",0.1758,"20,384.17",0.0082,"21,145.61",0.0082,"17,415.07",0.0058,"15,609.39",0.0043,"96,92,835.06",2.884,"1,01,10,482.47",3.4673,"11,15,516.41",0.2439,"15,19,982.11",0.2644,"7,29,890.98",0.1305,,"16,32,040.64",0.532425
77,FRANCE,"12,492.60",0.0091,"13,959.19",0.0102,"1,41,203.42",0.0839,"18,672.00",0.008,"16,650.39",0.0062,"14,395.04",0.0053,"21,959.34",0.008,"15,996.15",0.0064,"77,70,441.21",3.0145,"85,70,020.47",2.8557,"1,06,13,052.41",2.9524,"12,49,958.46",0.3719,"10,17,266.42",0.3489,182.26,0,"57,270.45",0.01,"1,583.79",0.0003,,"18,45,943.98",0.605675
78,GABON,"7,409.24",0.0054,"4,858.48",0.0036,"6,822.56",0.0041,"27,881.52",0.0119,"31,431.26",0.0118,"78,20,963.81",2.8802,"11,181.60",0.0041,"79,09,817.69",3.1762,"13,01,536.24",0.5049,"17,48,430.05",0.5826,"26,20,638.11",0.729,701.36,0.0002,334.89,0.0001,"2,23,671.69",0.0489,"9,49,094.27",0.1651,8.23,0,,"14,16,548.81",0.50800625
79,GAMBIA,"54,92,241.61",3.996,"48,88,575.63",3.5847,"17,232.22",0.0102,"74,84,059.50",3.1909,"77,93,366.10",2.9198,"2,25,026.87",0.0829,"78,18,109.63",2.8564,"19,40,467.70",0.7792,"81,882.16",0.0318,3.64,0,22.36,0,"87,582.38",0.0261,"1,06,003.83",0.0364,223671.69,  ,138.13,0,11.02,0,,"22,59,899.65",1.167626667
80,GEORGIA,"77,856.21",0.0566,"70,019.94",0.0513,"54,13,601.64",3.2157,"1,59,109.74",0.0678,"1,51,596.27",0.0568,83.56,0,"7,74,069.89",0.2828,1940467.7,  ,68.97,0,"61,888.14",0.0206,"1,00,353.47",0.0279,87582.38,0.0261,11.41,0,550.88,0.0001,"1,151.74",0.0002,"25,057.30",0.0045,,"5,53,966.83",0.254026667
81,GERMANY,77856.21,  ,2.02,0,"72,943.64",0.0433,28.94,0,49.71,0,"65,885.10",0.0243,0.21,0,"72,201.51",0.029,43.22,0,6.94,0,100353.47,  ,337.14,0.0001,337.6,0.0001,554.95,0.0001,256.44,0,17.43,0,,"24,429.66",0.006921429
82,GHANA,"31,933.84",0.0232,"73,953.90",0.0542,"5,388.55",0.0032,"52,754.09",0.0225,"60,957.91",0.0228,0.11,0,"77,879.98",0.0285,67.12,0,43.22,  ,171.74,0.0001,337.41,0.0001,139.39,0,513,0.0002,85.49,0,139.04,0,"11,44,521.49",0.2046,,"90,555.39",0.02396
83,GIBRALTAR,1.42,0,76.46,0.0001,"42,440.19",0.0252,11,0,30.43,0,1.45,0,43.2,0,39.68,0,"14,550.71",0.0056,4.25,0,261.8,0.0001,1.2,0,23.4,0,"15,689.15",0.0034,"16,626.29",0.0029,"62,497.47",0.0112,,"9,518.63",0.00303125
84,GREECE,33.42,0,34.71,0,17.4,0,12.6,0,0.56,0,208.35,0.0001,43.2,  ,39.68,  ,75.4,0,4.25,  ,1.7,0,"16,209.80",0.0048,"15,420.30",0.0053,15689.15,  ,4.81,0,"5,482.46",0.001,,"3,329.86",0.000933333
85,GREENLAND,33.24,0,11.76,0,5.88,0,880.87,0.0004,228.02,0.0001,208.35,  ,48,0,"8,136.51",0.0033,"1,87,442.98",0.0727,"10,292.55",0.0034,"11,297.80",0.0031,"2,95,480.86",0.0879,"11,99,914.18",0.4115,"26,99,285.68",0.5903,"16,48,775.49",0.2868,"12,627.79",0.0023,,"3,79,666.87",0.097453333
86,GRENADA,34.07,0,11.76,  ,22.13,0,4.7,0,0.24,0,"7,832.24",0.0029,1.44,0,"2,40,459.32",0.0966,"1,44,264.80",0.056,150.14,0.0001,11297.8,  ,"88,627.55",0.0264,"93,792.04",0.0322,"1,30,050.59",0.0284,"1,37,700.30",0.0239,"25,365.59",0.0045,,"54,975.92",0.019357143
87,GUADELOUPE,"1,322.06",0.001,"2,713.20",0.002,22.61,0,"3,147.77",0.0013,"4,539.09",0.0017,"1,11,615.73",0.0411,"10,436.60",0.0038,"1,29,430.62",0.052,"9,673.02",0.0038,"3,31,743.31",0.1105,"2,86,958.52",0.0798,"4,917.74",0.0015,"8,398.21",0.0029,"1,16,129.47",0.0254,"3,369.86",0.0006,"1,69,37,353.94",3.0284,,"11,22,610.73",0.2097375
88,GUAM,"1,20,995.25",0.088,"1,49,474.17",0.1096,"17,994.70",0.0107,"1,26,077.40",0.0538,"2,87,054.88",0.1075,"67,775.96",0.025,"4,44,901.14",0.1625,"12,139.88",0.0049,"2,420.59",0.0009,"1,65,129.13",0.055,"88,937.75",0.0247,"9,871.80",0.0029,"9,974.27",0.0034,"16,276.05",0.0036,"9,628.87",0.0017,"2,54,097.64",0.0454,,"1,11,421.84",0.043725
89,GUATEMALA,"46,596.16",0.0339,"87,269.35",0.064,"47,818.84",0.0284,"1,11,942.13",0.0477,"76,754.56",0.0288,"4,409.02",0.0016,"96,686.97",0.0353,"2,142.89",0.0009,0.19,0,"4,253.06",0.0014,"4,505.62",0.0013,"13,630.94",0.0041,"9,293.36",0.0032,"15,738.42",0.0034,"12,456.73",0.0022,"4,957.71",0.0009,,"33,653.50",0.01606875
90,GUINEA,"5,024.90",0.0037,"3,893.06",0.0029,"27,571.58",0.0164,"4,299.09",0.0018,"2,503.21",0.0009,579.13,0.0002,"6,318.66",0.0023,"10,353.03",0.0042,"14,891.73",0.0058,"5,321.00",0.0018,"9,669.39",0.0027,"1,19,99,898.32",3.5704,"1,12,21,827.11",3.8484,"1,42,40,079.56",3.1141,"1,46,58,642.99",2.5494,"1,93,86,389.38",3.4663,,"44,74,828.88",1.03695625
91,GUINEA BISSAU,817.18,0.0006,657.5,0.0005,"4,200.43",0.0025,968.24,0.0004,722.19,0.0003,579.13,  ,970.07,0.0004,"39,63,591.14",1.5916,"54,90,618.08",2.1301,"8,587.76",0.0029,"12,771.28",0.0036,"1,32,987.95",0.0396,"1,62,011.34",0.0556,"2,18,711.23",0.0478,"2,46,004.54",0.0428,"5,17,655.21",0.0926,,"6,72,615.83",0.26742
92,GUYANA,13.62,0,0.86,0,608.16,0.0004,"3,885.52",0.0017,87.46,0,"13,693.28",0.005,"15,453.80",0.0056,"1,58,564.93",0.0637,"1,46,633.86",0.0569,"68,77,702.27",2.2918,"1,25,97,191.41",3.5044,"7,393.52",0.0022,"4,612.84",0.0016,"4,241.05",0.0009,"3,939.62",0.0007,"2,48,55,610.66",4.4442,,"27,93,102.05",0.64869375
93,HAITI,"2,197.06",0.0016,"11,634.90",0.0085,608.16,0.0004,"49,57,017.02",2.1134,"9,720.28",0.0036,"44,10,706.05",1.6243,"34,08,862.40",1.2454,"2,746.19",0.0011,"3,157.05",0.0012,"1,74,581.99",0.0582,"1,68,369.14",0.0468,"1,06,72,726.80",3.1755,"92,32,528.22",3.1662,"1,32,04,914.08",2.8877,"2,30,81,527.64",4.0143,"46,90,539.48",0.8387,,"46,26,989.78",1.19918125
94,HEARD MACDONALD,"29,73,253.51",2.1633,"22,31,668.95",1.6364,654.21,0.0004,"2,06,607.18",0.0881,"43,03,011.83",1.6121,"1,33,438.29",0.0491,"1,46,600.68",0.0536,"85,79,957.42",3.4453,"90,08,193.45",3.4947,"4,778.19",0.0016,"6,090.05",0.0017,"9,76,201.73",0.2905,"2,44,797.12",0.084,73.4,0,23081527.64,  ,"16,59,925.96",0.2968,,"33,47,298.73",0.881173333
95,HONDURAS,"88,152.53",0.0641,"91,978.46",0.0674,"42,82,511.81",2.5439,"2,202.72",0.0009,"1,43,196.61",0.0536,"4,083.77",0.0015,"2,873.98",0.0011,"40,82,287.05",1.6393,"70,47,761.27",2.7342,"1,05,96,111.95",3.5308,"1,11,14,852.90",3.092,"1,68,35,448.07",5.0091,"1,05,65,526.45",3.6233,"3,46,335.49",0.0757,"5,40,715.30",0.094,"47,96,856.72",0.8577,,"44,08,805.94",1.4617875
96,HONG KONG,"1,620.70",0.0012,"4,805.72",0.0035,"1,56,632.32",0.093,"70,41,989.62",3.0024,"1,206.55",0.0005,"89,03,542.02",3.2789,"91,84,535.26",3.3556,"70,56,429.54",2.8336,"78,51,495.22",3.046,"71,62,010.29",2.3865,"94,11,296.93",2.6181,"4,26,604.24",0.1269,"3,06,898.93",0.1052,"2,38,41,803.59",5.2139,"2,75,20,214.51",4.7863,"6,192.93",0.0011,,"68,04,829.90",1.92829375
97,HUNGARY,"30,75,129.40",2.2374,"41,00,880.75",3.0071,"2,105.10",0.0013,"66,55,215.33",2.8375,"80,96,569.76",3.0334,"62,79,848.30",2.3127,"54,58,848.32",1.9944,"3,61,280.00",0.1451,"3,52,814.46",0.1369,"1,13,45,266.55",3.7805,"1,56,60,099.03",4.3565,"11,29,659.46",0.3361,"14,48,158.25",0.4966,"8,46,793.27",0.1852,"29,40,271.58",0.5114,"1,46,50,632.96",2.6195,,"51,50,223.28",1.749475
98,ICELAND,"55,82,184.47",4.0614,"54,63,556.74",4.0063,"45,13,629.30",2.6812,"90,53,148.36",3.8599,"63,02,560.76",2.3613,"1,11,63,769.78",4.1112,"86,77,872.85",3.1705,"13,71,293.13",0.5507,"13,14,732.57",0.51,"5,12,551.66",0.1708,"2,95,479.01",0.0822,"31,77,753.97",0.9455,"28,59,165.94",0.9805,"22,97,453.12",0.5024,"18,62,314.30",0.3239,"11,66,397.82",0.2086,,"41,00,866.49",1.7829
99,INDONESIA,"34,28,501.21",2.4945,"33,27,268.42",2.4398,"49,72,462.81",2.9537,"1,97,493.25",0.0842,"1,04,59,636.16",3.9187,"3,37,948.27",0.1245,"3,25,978.97",0.1191,"26,64,462.56",1.0699,"26,12,844.79",1.0136,"13,32,119.79",0.4439,"13,46,984.55",0.3747,"2,090.15",0.0006,"1,644.86",0.0006,"37,63,003.64",0.8229,"44,92,319.19",0.7813,"78,854.15",0.0141,,"24,58,975.80",1.04100625
100,IRAN,"1,10,214.16",0.0802,"1,25,774.04",0.0922,"40,97,724.66",2.4341,"12,68,405.85",0.5408,"2,70,658.10",0.1014,"13,88,773.51",0.5114,"14,22,942.54",0.5199,"1,017.65",0.0004,784.25,0.0003,"30,33,679.21",1.0109,"37,00,309.92",1.0294,"88,03,362.83",2.6193,"80,81,915.37",2.7716,"1,341.98",0.0003,"3,996.74",0.0007,"1,46,053.52",0.0261,,"20,28,559.65",0.7336875
101,IRAQ,"9,49,903.46",0.6911,"8,92,765.57",0.6546,"1,18,093.36",0.0701,"24,50,936.87",1.045,"12,81,441.93",0.4801,"25,14,057.31",0.9258,"25,86,217.40",0.9449,"64,49,314.69",2.5898,"65,41,452.47",2.5377,"2,807.13",0.0009,"3,500.44",0.001,101.87,0,8081915.37,  ,"1,07,29,740.27",2.3464,"1,32,61,477.63",2.3064,"1,168.79",0.0002,,"34,91,555.91",0.972933333
102,IRELAND,"19,98,356.25",1.4539,"18,27,411.51",1.34,"10,26,344.81",0.6097,773.22,0.0003,"25,65,242.04",0.9611,549.78,0.0002,"1,086.91",0.0004,"5,58,032.06",0.2241,"5,55,610.91",0.2155,"70,74,524.84",2.3574,"89,27,838.13",2.4836,"7,54,261.40",0.2244,"7,89,638.49",0.2708,"13,62,785.06",0.298,"18,32,966.12",0.3188,"1,75,04,596.78",3.1298,,"29,23,751.14",0.868
103,ISRAEL,506.38,0.0004,314.82,0.0002,"19,39,469.59",1.1521,"57,67,103.11",2.4588,"1,326.47",0.0005,"57,21,168.94",2.1069,"61,99,039.65",2.2648,"2,29,490.16",0.0922,"3,47,377.19",0.1348,7074524.84,  ,36.17,0,"16,03,667.85",0.4771,"5,99,350.14",0.2055,"2,41,755.62",0.0529,"1,61,848.42",0.0281,"69,40,853.60",1.241,,"23,01,739.56",0.68102
104,ITALY,"35,83,282.46",2.6071,"31,89,384.21",2.3387,351.19,0.0002,"7,14,506.02",0.3046,"67,54,720.77",2.5307,"3,63,718.58",0.1339,"5,25,293.18",0.1919,"83,744.14",0.0336,"69,914.52",0.0271,"6,34,875.34",0.2116,"7,82,225.95",0.2176,"63,278.37",0.0188,"96,145.15",0.033,"1,08,259.84",0.0237,"93,874.29",0.0163,"7,760.72",0.0014,,"10,66,958.42",0.5431375
105,JAMAICA,"8,00,087.81",0.5821,"3,92,371.45",0.2877,"39,30,930.77",2.335,"93,086.46",0.0397,"5,11,172.81",0.1915,"3,97,849.12",0.1465,"4,26,691.98",0.1559,83744.14,  ,"59,170.61",0.023,"5,85,710.04",0.1952,"4,95,342.41",0.1378,"2,467.53",0.0007,"1,043.14",0.0004,30.4,0,93874.29,  ,"82,601.42",0.0148,,"4,97,260.90",0.293592857
106,JAPAN,"73,352.81",0.0534,"73,596.96",0.054,"3,74,402.61",0.2224,"54,144.12",0.0231,"76,278.01",0.0286,"76,313.20",0.0281,"71,708.72",0.0262,"56,737.78",0.0228,"84,40,432.93",3.2744,"46,781.04",0.0156,"96,121.88",0.0267,"1,10,88,343.94",3.2992,"94,47,621.69",3.24,"3,900.21",0.0009,"2,022.56",0.0004,"1,52,066.85",0.0272,,"18,83,364.08",0.6464375
107,JORDAN,"37,619.20",0.0274,"37,621.61",0.0276,"63,029.21",0.0374,54144.12,  ,"57,736.47",0.0216,1.81,0,7.69,0,"85,36,310.91",3.4278,"29,89,905.25",1.1599,46781.04,  ,155.05,0,"67,93,208.72",2.0212,"38,52,493.57",1.3212,"1,30,29,934.56",2.8495,"1,70,63,180.53",2.9676,"93,272.66",0.0167,,"32,90,962.65",0.991278571
108,KAZAKHSTAN,29.45,0,37621.61,  ,"56,611.42",0.0336,"87,536.15",0.0373,43.31,0,"6,788.49",0.0025,"80,472.47",0.0294,"32,37,881.59",1.3002,"1,001.36",0.0004,"16,155.84",0.0054,"2,061.24",0.0006,928.65,0.0003,"3,798.26",0.0013,"82,11,471.04",1.7957,"98,45,803.04",1.7124,57.86,0,,"13,49,266.36",0.32794
109,KENYA,"24,147.79",0.0176,"4,144.45",0.003,202.5,0.0001,"61,57,031.43",2.6251,"1,41,480.11",0.053,"75,28,258.41",2.7724,"82,72,008.53",3.0222,"1,180.11",0.0005,"1,39,071.66",0.054,"1,05,42,283.54",3.5129,"1,17,25,531.27",3.2619,"2,190.32",0.0007,"1,256.39",0.0004,"1,342.42",0.0003,"3,390.67",0.0006,"10,324.36",0.0018,,"27,84,615.25",0.95790625
110,KIRIBATI REP,"39,65,818.96",2.8854,"40,55,061.49",2.9735,"65,893.07",0.0391,"79,44,946.24",3.3874,"71,33,725.25",2.6726,"1,03,36,261.19",3.8065,"81,51,069.71",2.978,"1,18,162.51",0.0474,"26,625.16",0.0103,"46,22,089.70",1.5402,"51,94,935.58",1.4452,"1,88,671.75",0.0561,"36,295.70",0.0124,598.73,0.0001,"60,453.24",0.0105,"1,97,426.52",0.0353,,"32,56,127.18",1.36875
111,KOREA DP RP,"43,19,944.55",3.1431,"38,98,799.19",2.8589,"47,71,247.70",2.8342,420.87,0.0002,"90,18,425.30",3.3787,383.7,0.0001,472.15,0.0002,"39,937.90",0.016,"20,252.52",0.0079,"19,933.80",0.0066,"1,838.61",0.0005,"21,918.94",0.0065,"20,660.49",0.0071,"1,00,806.27",0.022,"1,99,999.41",0.0348,"7,068.87",0.0013,,"14,02,631.89",0.76988125
112,KOREA RP,451.63,0.0003,307.88,0.0002,"46,97,602.94",2.7904,"44,065.07",0.0188,"1,142.64",0.0004,"22,919.32",0.0084,"52,282.93",0.0191,"18,017.12",0.0072,"16,718.09",0.0065,"1,08,800.58",0.0363,717.78,0.0002,32,0,125.96,0,"24,212.96",0.0053,"75,097.79",0.0131,"1,13,093.19",0.0202,,"3,23,474.24",0.1829
113,KUWAIT,214.92,0.0002,"9,218.20",0.0068,542.35,0.0003,"66,871.38",0.0285,"76,479.58",0.0287,"62,225.41",0.0229,"21,981.11",0.008,"3,190.98",0.0013,"5,146.04",0.002,"33,910.15",0.0113,"1,11,063.91",0.0309,"5,506.31",0.0016,"5,147.48",0.0018,24212.96,  ,1.68,0,"2,18,632.17",0.0391,,"40,271.54",0.012226667
114,KYRGHYZSTAN,"53,692.34",0.0391,"73,010.77",0.0535,100.53,0.0001,"10,245.74",0.0044,"40,251.81",0.0151,"22,429.09",0.0083,"24,203.07",0.0088,"20,467.44",0.0082,"5,001.11",0.0019,"24,811.44",0.0083,"30,460.74",0.0085,"30,192.29",0.009,"51,440.44",0.0176,"15,831.41",0.0035,"21,535.97",0.0037,"6,250.86",0.0011,,"26,870.32",0.01194375
115,LAO PD RP,"6,248.27",0.0045,"3,205.55",0.0024,"89,981.77",0.0535,"1,421.26",0.0006,"16,339.74",0.0061,"1,400.97",0.0005,843.1,0.0003,"5,644.55",0.0023,575.74,0.0002,"57,835.70",0.0193,1.63,0,293.71,0.0001,247.93,0.0001,"2,66,117.61",0.0582,"5,90,173.56",0.1026,608.31,0.0001,,"65,058.71",0.015675
116,LATVIA,120.55,0.0001,276.91,0.0002,"8,377.64",0.005,"4,264.80",0.0018,"2,371.06",0.0009,"15,624.16",0.0058,"35,939.59",0.0131,773.56,0.0003,"1,81,924.72",0.0706,"23,663.41",0.0079,"93,093.53",0.0259,"1,84,321.39",0.0548,"2,38,198.52",0.0817,621.83,0.0001,"1,584.80",0.0003,"1,58,532.25",0.0283,,"59,355.55",0.01855
117,LEBANON,"63,531.98",0.0462,"9,261.59",0.0068,509.7,0.0003,"19,642.56",0.0084,"11,416.12",0.0043,"2,64,475.55",0.0974,"41,920.23",0.0153,"1,40,414.46",0.0564,"30,959.40",0.012,"65,269.87",0.0217,"1,00,146.38",0.0279,"38,499.37",0.0115,"22,585.95",0.0077,"1,49,287.76",0.0326,"92,101.23",0.016,"48,572.54",0.0087,,"68,662.17",0.023325
118,LESOTHO,"3,07,213.58",0.2235,"2,94,147.65",0.2157,"8,051.66",0.0048,311.17,0.0001,"9,98,030.08",0.3739,278.94,0.0001,718.46,0.0003,"1,14,324.72",0.0459,"5,300.57",0.0021,"1,030.31",0.0003,"2,531.60",0.0007,"3,631.61",0.0011,"18,038.09",0.0062,"50,306.85",0.011,"81,850.63",0.0142,"1,05,57,314.81",1.8876,,"7,77,692.55",0.17421875
119,LIBERIA,34.64,0,20.33,0,"4,40,249.32",0.2615,"98,445.58",0.042,468.44,0.0002,"32,325.67",0.0119,"67,795.71",0.0248,"5,427.76",0.0022,"16,158.96",0.0063,"1,22,289.64",0.0407,"1,48,021.43",0.0412,"10,210.66",0.003,"4,349.18",0.0015,"14,953.55",0.0033,"10,748.38",0.0019,"71,824.12",0.0128,,"65,207.71",0.02833125
120,LIBYA,"2,62,067.29",0.1907,"34,953.87",0.0256,100.72,0.0001,"26,734.14",0.0114,"24,931.43",0.0093,"27,674.19",0.0102,"25,634.26",0.0094,"4,611.68",0.0019,"80,247.20",0.0311,"34,285.35",0.0114,"93,145.08",0.0259,"84,903.38",0.0253,"59,374.23",0.0204,888.34,0.0002,"1,113.48",0.0002,"24,243.60",0.0043,,"49,056.77",0.0235875
121,LIECHTENSTEIN,"11,413.46",0.0083,"16,036.65",0.0118,"58,029.39",0.0345,407.06,0.0002,"26,256.26",0.0098,"1,634.54",0.0006,"1,414.04",0.0005,"93,267.53",0.0375,"27,785.13",0.0108,"5,350.36",0.0018,"4,370.13",0.0012,"22,510.42",0.0067,"5,211.28",0.0018,"1,07,656.98",0.0235,"1,03,033.50",0.0179,"29,479.83",0.0053,,"32,116.04",0.0107625
122,LITHUANIA,113.09,0.0001,173.09,0.0001,"16,720.17",0.0099,"7,362.60",0.0031,817,0.0003,"12,093.12",0.0045,"5,573.21",0.002,"42,232.53",0.017,"59,88,145.01",2.3231,"30,065.42",0.01,"16,894.54",0.0047,"69,16,662.95",2.0579,"61,79,121.70",2.1191,"80,248.91",0.0175,"34,642.85",0.006,301.17,0.0001,,"12,08,197.96",0.4109625
123,LUXEMBOURG,320.23,0.0002,"12,621.66",0.0093,88.79,0.0001,"39,994.48",0.0171,"12,524.77",0.0047,"31,717.09",0.0117,"58,461.35",0.0214,"59,37,316.99",2.3842,"6,149.62",0.0024,"1,07,906.04",0.036,"2,05,084.01",0.0571,"4,247.81",0.0013,"18,063.14",0.0062,"92,63,064.76",2.0257,"1,02,18,523.43",1.7772,493.63,0.0001,,"16,19,786.11",0.39716875
124,MACAO,"8,538.00",0.0062,"9,073.28",0.0067,462.01,0.0003,"10,928.02",0.0047,"39,399.91",0.0148,"9,367.69",0.0034,"22,756.81",0.0083,"2,814.06",0.0011,"66,210.48",0.0257,"10,608.78",0.0035,"16,053.42",0.0045,"26,790.85",0.008,"10,460.40",0.0036,"51,652.36",0.0113,"4,04,220.84",0.0703,"15,858.35",0.0028,,"44,074.70",0.01095
125,MACEDONIA,"3,355.31",0.0024,"48,534.00",0.0356,"14,581.00",0.0087,"45,38,502.77",1.935,"23,383.19",0.0088,"55,90,211.37",2.0587,"67,91,883.78",2.4814,"1,60,648.08",0.0645,"15,007.00",0.0058,"58,08,128.86",1.9354,"75,49,167.12",2.1001,"87,142.23",0.0259,"17,505.05",0.006,"17,073.36",0.0037,"15,875.05",0.0028,"60,467.86",0.0108,,"19,21,341.63",0.66785
126,MADAGASCAR,"32,59,156.48",2.3713,"24,49,403.25",1.7961,"8,972.57",0.0053,"8,742.37",0.0037,"54,19,876.33",2.0306,"2,391.02",0.0009,"2,648.42",0.001,"17,373.87",0.007,"5,864.04",0.0023,"3,655.13",0.0012,"14,720.80",0.0041,"2,572.02",0.0008,"1,232.14",0.0004,"17,014.60",0.0037,"40,244.45",0.007,"1,309.45",0.0002,,"7,03,448.56",0.389725
127,MALAWI,"1,793.35",0.0013,"1,707.57",0.0013,"29,74,590.44",1.7669,"2,982.04",0.0013,"3,422.17",0.0013,"42,572.45",0.0157,"47,576.44",0.0174,270.67,0.0001,"7,347.42",0.0029,"73,565.63",0.0245,"12,656.78",0.0035,204.16,0.0001,608.42,0.0002,892.38,0.0002,702.93,0.0001,"25,68,683.96",0.4593,,"3,58,723.55",0.14350625
128,MALAYSIA,"4,303.65",0.0031,"1,834.55",0.0013,"14,543.27",0.0086,"20,132.20",0.0086,"16,077.82",0.006,"20,960.83",0.0077,"17,367.60",0.0063,270.67,  ,"12,305.93",0.0048,"10,293.18",0.0034,"30,797.23",0.0086,"7,585.18",0.0023,"4,062.29",0.0014,357.91,0.0001,987.72,0.0002,1.09,0,,"10,117.57",0.00416
129,MALDIVES,"2,332.29",0.0017,"5,695.97",0.0042,"1,537.99",0.0009,"4,910.29",0.0021,"23,130.90",0.0087,"4,040.09",0.0015,7.85,0,"12,165.31",0.0049,"19,77,611.94",0.7672,70.7,0,359.41,0.0001,"19,781.51",0.0059,"31,492.94",0.0108,"8,980.90",0.002,"1,90,861.24",0.0332,"3,512.84",0.0006,,"1,42,905.76",0.0527375
130,MALI,62.15,0,3.49,0,"16,398.08",0.0097,4910.29,  ,477.06,0.0002,74.11,0,58.39,0,"13,317.06",0.0053,"7,853.07",0.003,70.7,  ,568.75,0.0002,254.5,0.0001,237.22,0.0001,"53,594.08",0.0117,"73,588.93",0.0128,525.47,0.0001,,"10,749.58",0.003085714
131,MALTA,185.33,0.0001,3.49,  ,618.13,0.0004,"2,182.17",0.0009,23.78,0,"4,437.79",0.0016,"26,473.53",0.0097,"14,90,511.97",0.5985,747.11,0.0003,"3,509.59",0.0012,"10,961.34",0.003,"30,44,137.03",0.9057,"21,09,470.67",0.7234,857.58,0.0002,577.24,0.0001,848.29,0.0002,,"4,18,471.57",0.149686667
132,MARSHALL ISLAND,"2,039.52",0.0015,759.34,0.0006,6.44,0,"18,141.52",0.0077,"6,127.96",0.0023,"12,463.61",0.0046,"12,935.74",0.0047,"3,232.77",0.0013,"1,335.02",0.0005,"13,356.05",0.0045,"49,784.66",0.0138,177.74,0.0001,734.25,0.0003,"31,65,819.41",0.6923,"31,06,898.16",0.5403,"1,440.62",0.0003,,"3,99,703.30",0.079675
133,MARTINIQUE,"6,557.86",0.0048,"5,155.10",0.0038,893.77,0.0005,"12,41,351.05",0.5293,"15,517.22",0.0058,"22,35,302.49",0.8232,"20,71,679.82",0.7569,995.77,0.0004,36.15,0,1.16,0,130.68,0,"42,707.80",0.0127,5.39,0,67.11,0,"3,235.41",0.0006,"11,63,986.52",0.2081,,"4,24,226.46",0.14663125
134,MAURITANIA,"7,99,801.38",0.5819,"4,90,842.94",0.3599,"7,512.67",0.0045,213.86,0.0001,"21,87,342.42",0.8195,60.71,0,2071679.82,  ,"2,695.55",0.0011,36.15,  ,"25,32,958.98",0.844,"38,99,878.85",1.0849,920.58,0.0003,316.16,0.0001,273.67,0.0001,819.66,0.0001,"20,03,105.39",0.3582,,"8,74,903.67",0.289621429
135,MAURITIUS,0.21,0,490842.94,  ,"5,26,882.57",0.313,"1,298.31",0.0006,0.19,0,323.6,0.0001,876.43,0.0003,31.78,0,"5,32,201.46",0.2065,"1,011.20",0.0003,271.08,0.0001,116.23,0,299.94,0.0001,406.51,0.0001,745.91,0.0001,"8,91,433.65",0.1594,,"1,52,921.38",0.045373333
136,MEXICO,"3,044.07",0.0022,506.48,0.0004,55.57,0,"7,483.04",0.0032,373.55,0.0001,"1,321.27",0.0005,"1,041.59",0.0004,0.03,0,"3,66,235.55",0.1421,687.6,0.0002,190.25,0.0001,"6,72,491.47",0.2001,"10,66,440.99",0.3657,257.71,0.0001,78.15,0,0.47,0,,"1,32,512.99",0.04469375
137,MICRONESIA,159.29,0.0001,469.75,0.0003,640.17,0.0004,7483.04,  ,"1,759.94",0.0007,"5,058.82",0.0019,"2,629.87",0.001,"7,05,110.98",0.2831,"7,15,611.79",0.2776,"1,109.96",0.0004,711.19,0.0002,"5,91,140.42",0.1759,"4,68,085.13",0.1605,257.71,  ,0.3,0,"2,99,042.44",0.0535,,"1,74,954.43",0.068257143
138,MOLDOVA,"8,358.64",0.0061,601.3,0.0004,900.09,0.0005,"8,00,377.87",0.3412,"5,327.18",0.002,5.57,0,718.47,0.0003,"2,37,529.91",0.0954,19.67,0,6.44,0,91.38,0,"3,91,051.69",0.1164,"3,91,592.83",0.1343,"16,76,101.74",0.3665,"20,54,132.88",0.3573,2.25,0,,"3,47,926.12",0.088775
139,MONACO,5.81,0,0.85,0,1.22,0,"48,270.38",0.0206,"7,12,677.65",0.267,1.72,0,2.97,0,"6,37,838.72",0.2561,"33,768.21",0.0131,0.01,0,38.39,0,0.28,0,218.68,0.0001,"14,04,887.44",0.3072,"20,29,693.10",0.353,"6,86,783.58",0.1228,,"3,47,136.81",0.08374375
140,MONGOLIA,"4,29,263.55",0.3123,"4,08,294.01",0.2994,"3,84,221.35",0.2282,"6,61,401.33",0.282,"1,58,875.13",0.0595,"5,38,786.44",0.1984,"5,72,474.35",0.2092,150.78,0.0001,23.89,0,"5,02,532.51",0.1675,"9,26,714.39",0.2578,"20,205.22",0.006,"22,364.29",0.0077,"7,48,529.90",0.1637,"7,69,664.10",0.1339,"41,16,514.18",0.736,,"6,41,250.96",0.19135625
141,MONTSERRAT,"14,824.63",0.0108,"32,045.39",0.0235,"46,756.03",0.0278,661401.33,  ,"7,70,118.21",0.2885,"1,78,082.53",0.0656,"1,99,846.54",0.073,"6,788.87",0.0027,"2,98,506.50",0.1158,"6,00,864.64",0.2002,"7,67,704.56",0.2136,47.92,0,39.77,0,39.96,0,181.79,0,"16,144.39",0.0029,,"2,24,587.07",0.068293333
142,MOROCCO,"4,24,076.82",0.3085,"6,10,794.46",0.4479,"4,65,115.40",0.2763,"4,809.20",0.0021,"4,993.42",0.0019,"8,39,148.23",0.309,"7,47,653.51",0.2732,"3,835.44",0.0015,"12,72,947.67",0.4938,"4,12,038.81",0.1373,"3,67,425.18",0.1022,"5,04,496.71",0.1501,"4,97,537.21",0.1706,"33,981.69",0.0074,"30,652.26",0.0053,"20,710.57",0.0037,,"3,90,013.54",0.168175
143,MOZAMBIQUE,32.24,0,82.61,0.0001,29.44,0,"7,232.80",0.0031,"11,573.81",0.0043,98.56,0,747653.51,  ,"3,06,935.08",0.1233,"44,574.08",0.0173,112.03,0,14.43,0,"23,99,484.32",0.7139,"24,54,356.81",0.8417,"17,374.95",0.0038,21.35,0,"2,77,502.03",0.0496,,"3,91,692.38",0.11714
144,MYANMAR,"1,596.75",0.0012,"20,206.01",0.0148,"17,011.44",0.0101,"2,63,933.16",0.1125,"2,95,806.57",0.1108,"7,809.39",0.0029,"20,884.47",0.0076,"12,16,809.81",0.4886,"16,109.17",0.0062,"40,133.89",0.0134,"37,528.12",0.0104,"16,055.91",0.0048,"3,016.17",0.001,"10,20,811.55",0.2232,"6,75,660.43",0.1175,"39,804.24",0.0071,,"2,30,823.57",0.07075625
145,N. MARIANA IS.,"12,396.21",0.009,"7,419.64",0.0054,"1,892.45",0.0011,"12,70,374.44",0.5416,"12,94,749.57",0.4851,"3,005.15",0.0011,"6,205.19",0.0023,"39,503.19",0.0159,"3,38,524.58",0.1313,8.24,0,109.12,0,164.29,0,"1,340.35",0.0005,"33,38,595.24",0.7301,"47,87,723.51",0.8327,"1,15,348.34",0.0206,,"7,01,084.97",0.17354375
146,NAMIBIA,"2,25,567.56",0.1641,"2,14,646.32",0.1574,"2,33,895.01",0.1389,"13,068.22",0.0056,"8,658.89",0.0032,"3,20,429.69",0.118,"3,91,549.76",0.1431,"33,135.52",0.0133,"1,761.38",0.0007,"2,82,456.55",0.0941,"3,55,843.04",0.099,"3,69,381.19",0.1099,"2,83,203.56",0.0971,"11,993.77",0.0026,"14,716.06",0.0026,"35,04,869.97",0.6267,,"3,91,573.53",0.11101875
147,NAURU RP,"8,66,962.05",0.6308,"10,04,854.60",0.7368,"8,42,167.95",0.5003,"5,574.06",0.0024,"14,779.49",0.0055,"18,92,137.58",0.6968,"17,09,541.98",0.6246,"3,58,454.71",0.1439,19.82,0,"16,19,891.13",0.5398,"28,50,016.04",0.7928,"2,531.14",0.0008,"4,588.22",0.0016,"6,100.87",0.0013,"5,896.61",0.001,110.45,0,,"6,98,976.67",0.2924
148,NEPAL,639.92,0.0005,460.64,0.0003,"1,572.64",0.0009,"3,95,230.75",0.1685,"3,79,980.43",0.1424,"2,631.05",0.001,"6,893.06",0.0025,"2,513.01",0.001,"51,37,453.41",1.9931,"5,268.89",0.0018,"6,760.10",0.0019,644.81,0.0002,"3,086.64",0.0011,"2,79,008.16",0.061,"3,83,763.13",0.0667,"6,57,779.37",0.1176,,"4,53,980.38",0.16003125
149,NETHERLAND,"4,754.70",0.0035,"1,458.32",0.0011,"3,079.67",0.0018,463.07,0.0002,444.71,0.0002,"16,559.58",0.0061,"12,950.81",0.0047,212.24,0.0001,5137453.41,  ,"6,221.48",0.0021,154.8,0,"72,42,829.40",2.155,"41,99,459.73",1.4402,"7,085.59",0.0015,"8,620.93",0.0015,"37,44,450.23",0.6695,,"12,74,137.42",0.285833333
150,NETHERLANDANTIL,"1,95,096.15",0.1419,"2,36,380.72",0.1733,"2,85,380.15",0.1695,"37,074.89",0.0158,"38,684.47",0.0145,"3,70,075.74",0.1363,"3,60,837.48",0.1318,"64,92,261.36",2.607,7.51,0,"4,15,177.02",0.1383,"4,40,309.35",0.1225,315.17,0.0001,180.38,0.0001,"12,056.22",0.0026,"97,112.65",0.0169,"2,382.43",0.0004,,"5,61,458.23",0.2294375
151,NEUTRAL ZONE,290.43,0.0002,164.5,0.0001,413.51,0.0002,"70,10,393.87",2.9889,"65,62,221.03",2.4585,"1,622.43",0.0006,"1,337.95",0.0005,1.92,0,"3,81,645.65",0.1481,"2,682.24",0.0009,"2,508.84",0.0007,"4,48,091.24",0.1333,"4,96,548.21",0.1703,"76,82,529.55",1.6801,"53,40,770.72",0.9289,"1,706.79",0.0003,,"17,45,808.06",0.531975
152,NEW CALEDONIA,74.33,0.0001,120.06,0.0001,"4,900.34",0.0029,1.83,0,3.93,0,335.04,0.0001,340.71,0.0001,46.86,0,"8,65,749.48",0.3359,"13,044.38",0.0043,443.74,0.0001,"26,08,567.58",0.7761,"22,78,517.69",0.7814,7682529.55,  ,1.37,0,"3,07,150.84",0.0549,,"8,60,114.23",0.1304
153,NEW ZEALAND,"39,99,547.98",2.91,"34,37,710.95",2.5208,"49,00,514.87",2.911,64.14,0,294.59,0.0001,"85,76,722.43",3.1585,"83,43,300.11",3.0482,"3,85,797.54",0.1549,"3,04,877.05",0.1183,"61,29,330.96",2.0424,"76,31,562.14",2.123,"9,764.83",0.0029,"1,768.51",0.0006,259.5,0.0001,168.57,0,"3,90,057.50",0.0697,,"27,56,983.85",1.19128125
154,NICARAGUA,3999547.98,  ,28.48,0,0.31,0,"4,18,985.72",0.1786,"5,14,019.78",0.1926,11.91,0,15.46,0,"10,95,663.85",0.44,2.41,0,3.72,0,7631562.14,  ,2.46,0,0.58,0,"15,58,625.32",0.3408,"7,52,917.95",0.1309,"25,280.52",0.0045,,"9,99,791.79",0.091957143
155,NIGER,392.55,0.0003,380.54,0.0003,73,0,"15,80,693.40",0.6739,"10,93,145.52",0.4095,119.15,0,76.83,0,"2,88,450.27",0.1158,304.44,0.0001,300.52,0.0001,101.36,0,"53,454.86",0.0159,"24,596.88",0.0084,"51,12,872.99",1.1181,"63,29,133.44",1.1008,"25,79,578.40",0.4612,,"10,66,479.63",0.244025
156,NIGERIA,"5,12,341.29",0.3728,"4,31,102.58",0.3161,"4,33,873.85",0.2577,3.58,0,1093145.52,0.4095,"4,54,010.97",0.1672,"6,14,774.93",0.2246,"2,448.88",0.001,"1,35,252.55",0.0525,"5,42,521.15",0.1808,"2,56,868.01",0.0715,"39,419.66",0.0117,"92,840.60",0.0318,"1,891.07",0.0004,"15,776.86",0.0027,"11,87,665.73",0.2124,,"3,63,371.08",0.14454375
157,NIUE IS,"5,46,437.92",0.3976,"16,44,314.08",1.2057,"18,18,433.40",1.0802,"1,90,030.19",0.081,"2,94,370.34",0.1103,"17,82,769.80",0.6565,"10,64,756.17",0.389,2448.88,  ,"72,549.85",0.0281,"27,50,004.48",0.9164,"19,20,820.90",0.5344,"17,948.18",0.0053,"11,570.47",0.004,"2,16,099.30",0.0473,"2,27,807.80",0.0396,"12,45,327.65",0.2227,,"8,62,855.59",0.381206667
158,NORFOLK IS,"1,66,838.70",0.1214,"1,30,461.77",0.0957,"1,51,395.49",0.0899,4.25,0,294370.34,0.1103,"2,60,656.88",0.096,"3,04,066.81",0.1111,"47,327.01",0.019,"1,04,160.09",0.0404,"3,15,030.13",0.105,"3,47,648.12",0.0967,"11,14,119.10",0.3315,"11,21,705.99",0.3847,"2,66,766.17",0.0583,"5,15,446.22",0.0896,"1,47,641.19",0.0264,,"3,30,477.39",0.111
159,NORWAY,4.48,0,5.91,0,3.87,0,"26,531.17",0.0113,294370.34,0.1103,2.3,0,5.33,0,"1,16,105.39",0.0466,"7,22,711.91",0.2804,504.07,0.0002,"2,171.70",0.0006,"3,70,609.41",0.1103,"4,23,691.04",0.1453,"12,151.17",0.0027,"15,939.51",0.0028,"1,19,621.32",0.0214,,"1,31,526.81",0.04574375
160,OMAN,4.37,0,"13,501.29",0.0099,3.87,0,"73,368.57",0.0313,"59,674.14",0.0224,"13,029.88",0.0048,"26,271.29",0.0096,"73,630.31",0.0296,"3,31,787.08",0.1287,"27,918.99",0.0093,"26,648.48",0.0074,13.34,0,5.61,0,"20,16,632.70",0.441,"17,95,638.77",0.3123,"1,02,54,470.99",1.8335,,"9,19,537.48",0.1774875
161,PACIFIC IS,"64,680.01",0.0471,"1,72,962.14",0.1268,"86,252.07",0.0512,"99,677.09",0.0425,"57,059.16",0.0214,"25,147.64",0.0093,"18,584.38",0.0068,"5,40,676.35",0.2171,1.9,0,"1,26,615.80",0.0422,"62,619.50",0.0174,"5,99,892.28",0.1785,"5,22,190.27",0.1791,"5,43,274.35",0.1188,"7,73,701.71",0.1346,"29,283.64",0.0052,,"2,32,663.64",0.074875
162,PAKISTAN IR,"1,03,976.04",0.0756,"47,716.27",0.035,"98,538.61",0.0585,"5,312.09",0.0023,"4,654.10",0.0017,"1,08,384.14",0.0399,"96,054.55",0.0351,"3,53,162.56",0.1418,"4,63,715.70",0.1799,"1,07,740.88",0.0359,"14,648.07",0.0041,"1,00,334.34",0.0299,"84,377.20",0.0289,543274.35,  ,2.45,0,"9,93,810.81",0.1777,,"1,95,356.39",0.05642
163,PALAU,263.91,0.0002,"2,441.99",0.0018,"2,464.39",0.0015,"2,58,883.30",0.1104,"3,05,080.52",0.1143,"3,278.37",0.0012,"54,041.19",0.0197,3.73,0,"94,641.03",0.0367,"15,33,152.22",0.5109,"16,69,262.71",0.4644,"37,091.42",0.011,"21,613.25",0.0074,"8,39,631.37",0.1836,"11,00,552.03",0.1914,"5,08,64,350.64",9.0945,,"35,49,172.00",0.6718125
164,PANAMA C Z,"1,21,693.97",0.0885,"64,143.40",0.047,"85,276.97",0.0507,"2,12,544.32",0.0906,"2,74,358.42",0.1028,"3,17,161.76",0.1168,"3,61,652.62",0.1321,"3,73,145.41",0.1498,"33,475.22",0.013,"4,92,758.30",0.1642,"4,06,252.90",0.113,"68,71,693.07",2.0446,"58,66,266.17",2.0118,"1,22,559.67",0.0268,"1,57,390.33",0.0274,"9,731.56",0.0017,,"9,85,631.51",0.3238
165,PANAMA REPUBLIC,"1,16,542.91",0.0848,"1,49,329.11",0.1095,"1,95,046.60",0.1159,"2,98,741.97",0.1274,"4,69,494.51",0.1759,"2,37,220.43",0.0874,"2,58,508.64",0.0944,"67,050.41",0.0269,"51,27,596.43",1.9892,144.74,0,22.02,0,"13,107.38",0.0039,"13,619.59",0.0047,"41,024.68",0.009,"96,082.76",0.0167,"18,286.10",0.0033,,"4,43,863.64",0.1780625
166,PAPUA N GNA,0.01,0,149329.11,  ,"1,76,455.88",0.1048,"1,46,020.38",0.0623,"2,06,058.09",0.0772,"3,78,002.92",0.1392,67.09,0,"32,918.99",0.0132,"9,326.78",0.0036,"4,94,349.98",0.1647,"5,54,047.55",0.1541,"1,84,799.25",0.055,"1,43,323.91",0.0492,"98,45,979.53",2.1532,"1,35,01,779.59",2.3482,55.49,0,,"16,13,907.16",0.35498
167,PARAGUAY,"1,21,491.09",0.0884,"1,82,784.10",0.134,"38,933.10",0.0231,"16,715.00",0.0071,"12,630.82",0.0047,"2,07,532.65",0.0764,"3,89,075.63",0.1421,"58,91,199.10",2.3657,"2,12,794.93",0.0826,"1,22,512.65",0.0408,"92,603.12",0.0258,"50,29,106.72",1.4963,"40,63,240.58",1.3934,"20,637.12",0.0045,"23,154.53",0.004,18.3,0,,"10,26,526.84",0.36805625
168,PERU,"25,510.32",0.0186,"33,587.32",0.0246,"13,194.70",0.0078,"61,86,383.05",2.6376,"85,45,778.37",3.2017,"12,530.83",0.0046,"88,483.34",0.0323,"12,261.66",0.0049,"37,18,033.65",1.4424,"48,262.67",0.0161,"27,218.69",0.0076,"2,899.47",0.0009,"4,932.78",0.0017,"1,96,100.13",0.0429,"4,57,006.81",0.0795,"2,63,35,441.85",4.7087,,"28,56,726.60",0.76449375
169,PHILIPPINES,"4,721.84",0.0034,"6,366.70",0.0047,"31,03,583.21",1.8436,"13,462.70",0.0057,"15,091.66",0.0057,"95,00,539.18",3.4987,"15,910.27",0.0058,"2,02,422.04",0.0813,790.15,0.0003,"54,21,053.90",1.8064,"75,16,661.83",2.0911,"2,131.45",0.0006,337.43,0.0001,"73,65,491.49",1.6107,"3,74,00,330.59",6.5046,"5,24,755.61",0.0938,,"44,43,353.13",1.09728125
170,PITCAIRN IS.,"15,89,469.10",1.1565,"22,00,996.34",1.6139,"8,352.99",0.005,"2,17,458.14",0.0927,"1,69,303.89",0.0634,"13,674.82",0.005,"89,06,411.86",3.254,"29,98,646.79",1.2041,"4,201.97",0.0016,"11,632.91",0.0039,"12,718.99",0.0035,106.4,0,61.36,0,"5,616.05",0.0012,"33,003.61",0.0057,"16,138.33",0.0029,,"10,11,737.10",0.4633375
171,POLAND,"11,354.13",0.0083,"7,337.81",0.0054,"1,08,139.80",0.0642,"23,07,542.15",0.9838,"23,02,095.04",0.8625,"2,26,820.24",0.0835,"13,800.86",0.005,867.93,0.0003,259.47,0.0001,"2,65,578.21",0.0885,"2,19,737.15",0.0611,106.4,  ,59.92,0,285.67,0.0001,"12,941.86",0.0023,"7,198.46",0.0013,,"3,42,757.82",0.144426667
172,PORTUGAL,"1,52,425.37",0.1109,"1,07,337.24",0.0787,"16,41,666.08",0.9752,72.4,0,130.54,0,"23,56,986.30",0.868,"1,81,203.60",0.0662,"1,643.76",0.0007,13.89,0,"55,28,709.05",1.8423,"40,81,679.07",1.1355,"1,90,24,522.86",5.6605,"1,19,75,862.07",4.107,55.12,0,52.35,0,"25,402.63",0.0045,,"28,17,360.15",0.92809375
173,PUERTO RICO,"19,78,742.31",1.4397,"16,92,388.55",1.241,12.25,0,78.38,0,97.41,0,155.15,0.0001,"25,92,365.75",0.9471,336.86,0.0001,"1,33,94,575.06",5.1964,"3,445.40",0.0011,"4,659.96",0.0013,"3,31,631.28",0.0987,"2,97,539.99",0.102,0,0,3.42,0,"1,75,56,132.42",3.139,,"23,65,760.26",0.76040625
174,QATAR,"1,080.42",0.0008,120.19,0.0001,55.7,0,10.1,0,0.36,0,10.69,0,742.09,0.0003,1.85,0,"2,11,786.10",0.0822,164.96,0.0001,"1,935.26",0.0005,"8,103.08",0.0024,"5,425.14",0.0019,"2,54,67,767.01",5.5694,"3,37,57,186.91",5.871,0.64,0,,"37,15,899.41",0.72054375
175,REUNION,9.36,0,26.45,0,51.02,0,"1,53,10,994.21",6.5279,"1,84,68,480.00",6.9192,386.49,0.0001,719.84,0.0003,"1,32,57,997.96",5.3238,"18,259.25",0.0071,416.38,0.0001,151.1,0,"3,325.30",0.001,"2,704.48",0.0009,"5,19,304.52",0.1136,"10,90,803.84",0.1897,"55,976.00",0.01,,"30,45,600.39",1.19335625
176,ROMANIA,27.18,0,23.95,0,"92,85,490.58",5.5157,"39,209.04",0.0167,215.49,0.0001,386.49,  ,201.39,0.0001,"1,72,677.43",0.0693,621.67,0.0002,416.38,  ,4.32,0,"17,349.49",0.0052,"6,478.38",0.0022,"8,244.99",0.0018,"10,966.77",0.0019,"2,55,170.29",0.0456,,"6,12,342.74",0.4042
177,RUSSIA,"89,74,703.51",6.5297,"80,66,428.36",5.915,"94,029.70",0.0559,"1,247.04",0.0005,"1,305.33",0.0005,"2,20,51,549.28",8.1208,30.39,0,"14,448.19",0.0058,"8,202.56",0.0032,"1,42,24,074.41",4.7397,"1,99,39,490.29",5.547,"1,04,39,410.04",3.1061,"98,21,958.01",3.3683,"2,921.11",0.0006,"7,149.22",0.0012,"5,081.54",0.0009,,"58,53,251.81",2.3372
178,RWANDA,"99,452.94",0.0724,"1,12,593.74",0.0826,"4,222.35",0.0025,"2,579.47",0.0011,"3,157.53",0.0012,"95,373.36",0.0351,"1,71,22,086.51",6.2556,438.43,0.0002,"47,54,169.45",1.8444,"3,64,878.16",0.1216,"4,52,503.21",0.1259,"38,763.66",0.0115,"26,337.01",0.009,"12,625.89",0.0028,"39,956.43",0.0069,"23,385.59",0.0042,,"14,47,032.73",0.5360625
179,SAHARWI A.DM RP,536.35,0.0004,765,0.0006,"3,040.76",0.0018,"39,70,847.55",1.693,"40,76,395.09",1.5272,"2,012.72",0.0007,"1,26,985.91",0.0464,"10,775.66",0.0043,"45,956.30",0.0178,"15,529.62",0.0052,"15,093.43",0.0042,"1,76,444.39",0.0525,"2,01,409.62",0.0691,"1,41,57,361.56",3.096,"1,89,82,824.92",3.3015,"87,29,406.91",1.5608,,"31,57,211.61",0.71134375
180,SAMOA,"3,588.12",0.0026,"1,966.51",0.0014,"32,54,576.75",1.9333,"42,283.53",0.018,"34,438.10",0.0129,581.28,0.0002,"14,490.92",0.0053,"47,73,489.37",1.9168,"68,185.97",0.0265,882.5,0.0003,"3,669.51",0.001,"27,477.78",0.0082,"24,922.98",0.0085,"75,893.59",0.0166,"56,906.13",0.0099,132.72,0,,"5,23,967.86",0.24759375
181,SAO TOME,"34,56,141.62",2.5146,"30,62,330.81",2.2455,"40,001.37",0.0238,"75,654.38",0.0323,"63,906.41",0.0239,"3,379.20",0.0012,714.54,0.0003,"42,282.70",0.017,"36,353.77",0.0141,"15,572.45",0.0052,"8,197.40",0.0023,"10,542.46",0.0031,"4,238.23",0.0015,"2,26,019.98",0.0494,"2,39,829.66",0.0417,"20,33,273.98",0.3635,,"5,82,402.44",0.3337125
182,SAUDI ARAB,"20,913.92",0.0152,"19,070.39",0.014,"41,995.47",0.0249,"10,772.66",0.0046,"8,289.78",0.0031,"41,06,346.94",1.5122,"14,447.86",0.0053,"57,943.71",0.0233,"11,860.15",0.0046,"48,13,281.77",1.6039,"1,13,91,875.15",3.1691,"49,50,724.54",1.473,"55,76,627.21",1.9125,"19,379.33",0.0042,"26,712.72",0.0046,"11,80,458.72",0.2111,,"20,15,668.77",0.6241
183,SENEGAL,"34,414.52",0.025,"55,775.26",0.0409,18.58,0,"1,664.88",0.0007,"6,805.20",0.0025,"32,190.03",0.0119,"43,55,230.46",1.5912,"44,433.91",0.0178,"39,11,693.38",1.5175,"61,404.42",0.0205,"40,176.96",0.0112,"5,142.62",0.0015,"1,184.71",0.0004,"13,481.26",0.0029,"14,380.39",0.0025,43.56,0,,"5,36,127.51",0.20290625
184,SEYCHELLES,235.78,0.0002,551.4,0.0004,"4,181.59",0.0025,"52,44,595.25",2.2361,"48,31,962.81",1.8103,"71,394.52",0.0263,"84,553.82",0.0309,"10,064.53",0.004,117.53,0,"72,239.42",0.0241,"1,74,409.13",0.0485,"11,41,711.70",0.3397,"11,19,018.32",0.3838,"81,82,344.93",1.7894,"83,11,752.62",1.4456,90.47,0,,"18,28,076.49",0.5088625
185,SIERRA LEONE,"2,741.46",0.002,"1,917.37",0.0014,"32,52,514.22",1.932,"8,65,717.33",0.3691,"9,89,376.79",0.3707,"3,286.46",0.0012,"63,948.75",0.0234,"38,78,539.04",1.5575,"13,22,312.88",0.513,"43,701.73",0.0146,"41,260.10",0.0115,"6,40,663.40",0.1906,"4,75,214.29",0.163,918.09,0.0002,902.76,0.0002,"1,021.16",0.0002,,"7,24,002.24",0.3219125
186,SINGAPORE,"24,88,228.72",1.8104,"26,90,022.66",1.9725,"6,77,619.66",0.4025,"3,03,660.43",0.1295,"3,40,419.73",0.1275,"27,922.55",0.0103,"8,397.76",0.0031,3878539.04,  ,"4,03,973.05",0.1567,"2,289.34",0.0008,"12,952.59",0.0036,10.53,0,7.84,0,"15,28,806.82",0.3343,"23,98,779.57",0.4172,80.18,0,,"9,22,606.90",0.357893333
187,SLOVAK REP,"4,66,128.41",0.3391,"5,19,599.75",0.381,"2,27,873.44",0.1354,31.29,0,51.54,0,"35,85,833.40",1.3205,"23,088.90",0.0084,"10,75,604.88",0.4319,1.04,0,"44,05,573.90",1.468,"45,52,192.36",1.2664,10.53,  ,0.72,0,"7,52,969.65",0.1647,"8,65,973.01",0.1506,182.35,0,,"10,29,694.70",0.377733333
188,SLOVENIA,"1,62,367.62",0.1181,"1,85,001.57",0.1357,81.78,0,46.15,0,0.17,0,"11,17,224.22",0.4114,"39,74,128.43",1.452,"4,85,357.89",0.1949,5.2,0,"45,413.12",0.0151,"62,593.59",0.0174,428.55,0.0001,290.06,0.0001,5.24,0,27.43,0,"2,74,144.91",0.049,,"3,94,194.75",0.1496125
189,SOLOMON IS,11.38,0,35.88,0,81.78,0,226.49,0.0001,222.98,0.0001,"4,06,445.16",0.1497,"39,285.79",0.0144,485357.89,  ,159.73,0.0001,"10,72,053.38",0.3572,"11,72,788.86",0.3263,428.55,  ,"8,856.74",0.003,"2,253.79",0.0005,932.22,0.0002,"18,703.95",0.0033,,"2,00,490.29",0.061064286
190,SOMALIA,11.38,  ,13.57,0,144.79,0.0001,226.49,  ,"69,302.80",0.026,58.5,0,"12,28,091.97",0.4487,103.77,0,159.73,  ,"4,97,649.65",0.1658,"10,37,423.26",0.2886,518.63,0.0002,109.2,0,105.36,0,90.08,0,"15,682.90",0.0028,,"1,78,105.76",0.071707692
191,SOUTH AFRICA,"12,484.21",0.0091,241.18,0.0002,5.71,0,226.49,  ,"7,306.78",0.0027,10.79,0,"4,64,275.90",0.1696,299.34,0.0001,159.73,  ,19.03,0,53.09,0,"2,80,028.28",0.0833,"2,71,155.03",0.093,2,0,90.08,  ,"14,47,781.48",0.2589,,"1,55,258.70",0.047453846
192,SPAIN,11.08,0,0.03,0,2.13,0,"2,01,034.09",0.0857,"38,549.88",0.0144,300.53,0.0001,53.77,0,16.01,0,"1,63,660.76",0.0635,0.31,0,0.83,0,"38,756.18",0.0115,"25,194.19",0.0086,223.34,0,341.35,0.0001,"1,75,93,555.97",3.1457,,"11,28,856.28",0.2081
193,SRI LANKA DSR,"3,007.23",0.0022,521.3,0.0004,"2,79,262.03",0.1659,"2,107.03",0.0009,"9,15,570.24",0.343,0.51,0,223.93,0.0001,1.23,0,"30,854.59",0.012,205.39,0.0001,393.98,0.0001,"4,975.93",0.0015,"37,241.76",0.0128,"96,043.37",0.021,"1,76,539.13",0.0307,"15,189.90",0.0027,,"97,633.60",0.0370875
194,ST HELENA,"1,83,956.05",0.1338,"2,24,547.19",0.1647,400.98,0.0002,"22,804.23",0.0097,"1,74,51,184.99",6.5381,"2,69,720.53",0.0993,85.88,0,"96,408.84",0.0387,"26,350.35",0.0102,205.39,  ,14.87,0,"7,88,597.68",0.2346,"7,43,844.07",0.2551,"23,835.77",0.0052,"39,063.08",0.0068,"68,56,262.88",1.2259,,"16,70,455.17",0.581486667
195,ST KITT N A,535.08,0.0004,698.05,0.0005,"50,418.33",0.0299,"9,21,359.17",0.3928,"44,483.91",0.0167,"7,898.80",0.0029,85.88,  ,"27,867.17",0.0112,"7,78,820.11",0.3021,205.39,  ,835.85,0.0002,"1,19,23,941.46",3.5478,"1,33,86,751.55",4.5909,"1,76,559.87",0.0386,"3,902.95",0.0007,6.66,0,,"17,07,773.14",0.638192857
196,ST LUCIA,"17,439.11",0.0127,"15,550.71",0.0114,"7,36,767.34",0.4376,"1,66,38,338.39",7.0938,"21,57,624.16",0.8084,"77,000.79",0.0284,0.21,0,"26,836.06",0.0108,"1,15,61,928.81",4.4854,"2,91,730.41",0.0972,"5,19,469.05",0.1445,"10,866.13",0.0032,"11,337.29",0.0039,"10,80,955.56",0.2364,"13,90,592.80",0.2419,"27,26,353.61",0.4875,,"23,28,924.40",0.88144375
197,ST PIERRE,"8,88,754.71",0.6466,"7,53,098.69",0.5522,"1,12,73,957.10",6.6969,"88,967.45",0.0379,"6,991.29",0.0026,"10,15,828.97",0.3741,"3,44,046.56",0.1257,"9,69,329.49",0.3892,"21,639.00",0.0084,"59,857.05",0.0199,"62,304.74",0.0173,"28,65,446.74",0.8526,"29,83,854.31",1.0233,"1,74,29,506.56",3.8116,"1,26,75,749.90",2.2046,"82,03,568.00",1.4668,,"37,27,681.29",1.13935625
198,ST VINCENT,"52,70,320.98",3.8345,"69,23,201.92",5.0766,"16,157.03",0.0096,"23,01,149.07",0.9811,"4,09,604.81",0.1535,"1,12,33,818.20",4.137,"1,30,911.50",0.0478,"1,26,07,429.32",5.0626,"21,07,629.87",0.8176,"5,758.46",0.0019,"6,671.21",0.0019,208.52,0.0001,781.8,0.0003,"11,625.08",0.0025,"7,367.45",0.0013,234.8,0,,"25,64,554.38",1.25801875
199,SUDAN,"76,397.86",0.0556,"68,777.56",0.0504,"18,03,677.66",1.0714,"4,365.70",0.0019,"29,11,298.10",1.0907,"47,354.56",0.0174,"13,568.75",0.005,"26,558.50",0.0107,"14,639.03",0.0057,"9,44,037.35",0.3146,"9,27,893.14",0.2581,"7,28,751.37",0.2168,"6,88,815.94",0.2362,"46,51,467.05",1.0172,"66,47,935.68",1.1562,"7,02,571.42",0.1256,,"12,66,131.85",0.35209375
200,SURINAME,"12,94,132.16",0.9416,"12,37,084.18",0.9071,"10,504.34",0.0062,"1,17,744.78",0.0502,27.77,0,"24,38,157.26",0.8979,"10,70,169.89",0.391,"21,92,053.03",0.8802,"6,36,994.86",0.2471,"1,22,01,780.82",4.0659,"1,26,17,158.63",3.51,"48,04,785.44",1.4296,"42,00,223.11",1.4404,"7,975.20",0.0017,417.97,0.0001,8.29,0,,"26,76,826.11",0.9230625
201,SWAZILAND,"8,066.21",0.0059,"8,067.02",0.0059,"1,48,145.28",0.088,"25,32,484.41",1.0797,"96,799.41",0.0363,533.41,0.0002,"1,35,36,732.92",4.9457,"6,479.41",0.0026,"36,31,307.55",1.4088,"16,531.34",0.0055,"9,898.36",0.0028,4804785.44,  ,29.47,0,"17,01,077.55",0.372,"20,38,400.84",0.3545,13.02,0,,"17,83,709.48",0.55386
202,SWEDEN,"91,817.54",0.0668,"1,11,886.40",0.082,"19,45,991.14",1.1559,"10,077.95",0.0043,33.9,0,"4,29,842.43",0.1583,"17,320.39",0.0063,"6,08,635.41",0.2444,116.99,0,"25,30,249.75",0.8431,"32,00,062.24",0.8902,"2,70,380.60",0.0804,"2,22,710.95",0.0764,"69,62,219.37",1.5225,"89,74,807.33",1.5609,"2,15,948.68",0.0386,,"15,99,506.32",0.42063125
203,SWITZERLAND,"12,35,265.25",0.8987,"13,88,850.94",1.0184,778.54,0.0005,"72,032.38",0.0307,39.45,0,"32,38,001.02",1.1924,"24,61,798.53",0.8994,"36,01,107.17",1.4461,"92,895.12",0.036,"32,409.17",0.0108,"3,000.30",0.0008,54.62,0,13.88,0,0.67,0,1.17,0,"1,95,315.04",0.0349,,"7,70,097.70",0.34804375
204,SYRIA,99.76,0.0001,7.06,0,"42,071.11",0.025,3,0,"4,817.77",0.0018,506.59,0.0002,"2,727.76",0.001,21.47,0,7.12,0,"6,63,442.69",0.2211,"6,28,140.57",0.1747,54.62,  ,0.22,0,"2,81,730.49",0.0616,"4,32,691.25",0.0753,"31,32,785.95",0.5601,,"3,24,319.21",0.074726667
205,TAIWAN,"63,404.96",0.0461,"32,572.16",0.0239,6.48,0,7.83,0,"1,16,567.60",0.0437,"94,858.18",0.0349,"6,67,980.35",0.244,"1,45,374.59",0.0584,33.99,0,"45,98,799.09",1.5324,"51,97,965.00",1.446,"60,025.18",0.0179,"1,40,758.26",0.0483,310.01,0.0001,19.36,0,"61,895.31",0.0111,,"6,98,786.15",0.219175
206,TAJIKISTAN,6.37,0,6.37,0,99.29,0.0001,"94,941.05",0.0405,"11,06,090.55",0.4144,164.03,0.0001,"35,86,241.00",1.3102,2.4,0,"1,16,432.87",0.0452,61.42,0,5197965,  ,"92,852.42",0.0276,"91,566.38",0.0314,310.01,  ,25.82,0,355.31,0.0001,,"6,42,945.02",0.133542857
207,TANZANIA REP,80.31,0.0001,1.99,0,"36,727.53",0.0218,"79,294.41",0.0338,"4,528.52",0.0017,12.23,0,186.82,0.0001,0.07,0,"76,858.72",0.0298,"1,05,524.82",0.0352,"2,12,607.03",0.0591,"14,98,523.70",0.4459,"10,87,903.20",0.3731,"83,243.03",0.0182,"73,839.41",0.0128,"3,97,76,370.94",7.112,,"26,89,731.42",0.508975
208,THAILAND,"46,896.84",0.0341,"27,270.81",0.02,"1,37,587.09",0.0817,"4,90,744.02",0.2092,26.07,0,"3,268.14",0.0012,"1,19,754.74",0.0438,"60,878.69",0.0244,"8,09,661.41",0.3141,35.34,0,11.88,0,"2,799.46",0.0008,222.15,0.0001,"2,21,956.36",0.0485,"3,41,343.23",0.0594,"69,78,570.33",1.2478,,"5,77,564.16",0.13031875
209,TIMOR LESTE,"2,76,172.05",0.2009,"1,20,466.40",0.0883,"3,74,245.39",0.2223,"9,201.84",0.0039,26.07,0,"55,730.38",0.0205,1.09,0,"89,854.34",0.0361,"14,286.09",0.0055,35.34,  ,31.6,0,7.85,0,35.75,0,"14,88,112.36",0.3254,"33,79,778.26",0.5878,"3,37,49,097.89",6.0343,,"24,72,317.67",0.501666667
210,TOGO,"6,64,242.24",0.4833,"7,65,933.91",0.5616,"4,466.53",0.0027,6.07,0,"2,12,92,332.79",7.9772,"4,59,367.17",0.1692,5.5,0,"5,08,004.63",0.204,20.82,0,"27,576.31",0.0092,"1,34,950.36",0.0375,"2,14,44,701.89",6.3805,"1,96,35,053.70",6.7337,"7,578.65",0.0017,"81,820.99",0.0142,"7,29,207.93",0.1304,,"41,09,704.34",1.419075
211,TOKELAU IS,"5,537.56",0.004,"4,711.27",0.0035,34.8,0,3.98,0,"34,23,118.44",1.2825,"8,705.98",0.0032,"42,741.33",0.0156,"31,040.70",0.0125,84.45,0,"90,263.36",0.0301,"95,943.52",0.0267,"47,49,488.09",1.4131,"36,61,147.93",1.2556,3.82,0,29.15,0,"4,46,931.31",0.0799,,"7,84,986.61",0.25791875
212,TONGA,769,0.0006,875.49,0.0006,34.8,0,"1,75,63,752.67",7.4884,"1,37,23,859.06",5.1416,73.04,0,"1,19,128.29",0.0435,13.62,0,"1,44,23,711.97",5.5956,"13,78,514.52",0.4593,"16,67,018.62",0.4637,"2,53,36,346.10",7.5384,"2,13,72,470.63",7.3295,"3,34,46,980.04",7.3144,"4,27,40,563.67",7.4334,"56,923.99",0.0102,,"1,07,39,439.72",3.0512
213,TRINIDAD,169.64,0.0001,22.38,0,"1,49,12,337.84",8.8581,"34,09,393.87",1.4536,"14,986.34",0.0056,"1,74,12,666.37",6.4125,"8,93,654.03",0.3265,6.85,0,"24,58,350.56",0.9537,"16,902.44",0.0056,"14,337.24",0.004,"24,105.29",0.0072,"28,676.32",0.0098,"52,28,840.74",1.1435,"71,82,453.10",1.2492,"1,11,410.53",0.0199,,"32,31,769.60",1.27808125
214,TUNISIA,"1,05,92,643.31",7.7069,"91,79,885.04",6.7314,"24,56,169.40",1.459,"1,12,36,290.29",4.7906,"14,47,143.75",0.5422,"36,04,301.73",1.3273,"7,946.13",0.0029,"1,26,98,138.61",5.099,"1,49,65,539.59",5.8058,15.61,0,14337.24,  ,"14,61,868.87",0.435,"15,86,497.84",0.5441,"3,23,03,301.15",7.0643,"4,08,62,095.01",7.1067,28.61,0,,"89,01,012.64",3.241013333
215,TURKEY,"26,76,770.80",1.9475,"21,12,542.80",1.5491,"91,35,850.32",5.4268,"8,780.57",0.0037,"7,200.40",0.0027,"1,35,61,345.55",4.9942,6.51,0,"33,93,630.88",1.3627,"46,173.10",0.0179,0.77,0,0.14,0,"87,023.15",0.0259,"41,823.04",0.0143,"1,06,482.77",0.0233,"3,95,531.63",0.0688,"81,934.94",0.0146,,"19,78,443.59",0.96571875
216,TURKMENISTAN,"84,81,827.99",6.1711,"80,58,432.69",5.9091,"6,209.96",0.0037,"11,92,711.66",0.5085,"10,46,971.23",0.3922,"19,994.11",0.0074,865.9,0.0003,"1,42,67,820.18",5.7293,"16,65,692.39",0.6462,"1,40,09,589.24",4.6683,"2,08,55,076.52",5.8017,"40,673.07",0.0121,"1,21,053.13",0.0415,"21,71,693.48",0.4749,"5,31,603.55",0.0925,0.18,0,,"45,29,388.46",1.903675
217,TURKS C IS,"8,804.17",0.0064,"6,318.39",0.0046,"6,45,932.75",0.3837,"1,173.20",0.0005,"13,316.90",0.005,"10,89,582.77",0.4013,"1,59,62,487.89",5.8319,"29,963.23",0.012,1665692.39,  ,"30,98,947.19",1.0326,"52,74,420.52",1.4673,285.82,0.0001,213.17,0.0001,"34,186.79",0.0075,"76,184.67",0.0132,76.45,0,,"17,44,224.14",0.61108
218,TUVALU,"7,03,995.74",0.5122,"7,52,905.20",0.5521,"1,408.37",0.0008,"4,93,695.44",0.2105,"17,332.54",0.0065,"3,296.83",0.0012,"30,73,280.13",1.1228,"11,46,457.19",0.4604,"49,15,672.88",1.907,"1,71,56,448.30",5.7168,"2,48,55,377.39",6.9145,"47,085.41",0.014,"11,073.99",0.0038,"1,20,444.36",0.0263,"1,59,098.01",0.0277,"8,29,466.20",0.1483,,"33,92,939.87",1.10155625
219,U ARAB EMTS,"6,173.83",0.0045,"2,740.91",0.002,"19,62,048.81",1.1655,"14,741.74",0.0063,"2,939.52",0.0011,"24,74,102.26",0.9111,"1,33,42,060.28",4.8745,"1,913.73",0.0008,"9,043.38",0.0035,"36,236.51",0.0121,"16,175.45",0.0045,178.86,0.0001,11.58,0,94.31,0,77.7,0,"77,39,821.47",1.3839,,"16,00,522.52",0.52311875
220,U K,"6,54,700.57",0.4763,"4,49,172.01",0.3294,"7,920.62",0.0047,"18,120.22",0.0077,"76,83,453.41",2.8786,"12,409.53",0.0046,"22,965.90",0.0084,"56,92,553.51",2.2859,373.68,0.0001,"15,19,449.39",0.5063,"16,27,960.51",0.4529,130.26,0,14.75,0,"53,409.92",0.0117,"38,487.17",0.0067,"69,137.97",0.0124,,"11,15,641.21",0.43660625
221,U S A,"6,510.27",0.0047,"7,600.59",0.0056,"9,385.67",0.0056,18120.22,  ,"12,59,442.24",0.4718,187.89,0.0001,"13,66,198.88",0.4991,"11,586.36",0.0047,"31,202.01",0.0121,"59,30,107.69",1.976,"62,636.01",0.0174,"42,95,510.14",1.2781,"5,29,493.32",0.1816,53409.92,  ,15.91,0,11.39,0,,"8,48,838.66",0.318342857
222,UGANDA,"32,924.00",0.024,"14,134.69",0.0104,32.94,0,"32,13,006.00",1.3699,215.45,0.0001,"19,177.63",0.0071,"9,334.69",0.0034,232.54,0.0001,31202.01,  ,"16,097.00",0.0054,"30,136.97",0.0084,"51,49,059.73",1.532,"45,25,375.06",1.5519,"66,923.65",0.0146,"2,04,515.78",0.0356,"1,58,108.98",0.0283,,"8,41,904.82",0.30608
223,UKRAINE,"3,396.47",0.0025,0.04,0,"23,74,824.56",1.4107,"8,32,325.93",0.3549,"5,15,269.50",0.193,19177.63,  ,"46,34,383.08",1.6932,"29,804.36",0.012,13.49,0,479.84,0.0002,56.01,0,"5,352.15",0.0016,63.25,0,"55,53,221.27",1.2144,"70,61,644.00",1.2282,"1,68,752.87",0.0302,,"13,24,922.78",0.409393333
224,UNION OF SERBIA & MONTENEGRO,"18,47,918.48",1.3445,"13,50,691.31",0.9904,"4,84,759.06",0.288,44.59,0,"1,76,911.41",0.0663,119.5,0,"12,439.48",0.0045,196.78,0.0001,"36,96,429.07",1.434,"65,800.14",0.0219,"88,511.73",0.0246,5352.15,  ,0.62,0,324.16,0.0001,810.71,0.0001,"13,742.54",0.0025,,"4,84,003.23",0.278466667
225,UNSPECIFIED,"1,86,226.30",0.1355,"2,45,911.66",0.1803,155.59,0.0001,44.59,  ,"18,705.49",0.007,"84,38,442.94",3.1076,518.89,0.0002,1.26,0,"22,26,346.53",0.8637,0.46,0,88511.73,  ,"16,097.11",0.0048,"17,161.45",0.0059,"1,70,871.74",0.0374,"1,29,163.56",0.0225,13742.54,0.0025,,"7,21,993.87",0.311964286
226,URUGUAY,638.74,0.0005,"1,195.21",0.0009,1.95,0,"4,80,575.93",0.2049,18705.49,0.007,"15,56,837.66",0.5733,"34,472.73",0.0126,"37,15,029.41",1.4918,"3,040.98",0.0012,0.46,  ,65.56,0,"5,98,602.66",0.1781,"94,448.74",0.0324,"87,848.66",0.0192,"1,48,087.80",0.0258,13742.54,0.0025,,"4,22,080.91",0.170013333
227,UZBEKISTAN,7.07,0,1.14,0,"7,96,638.89",0.4732,"83,222.88",0.0355,18705.49,0.007,"1,371.80",0.0005,6.9,0,"16,76,311.58",0.6731,3040.98,  ,"37,79,668.44",1.2595,"50,80,946.23",1.4135,"9,671.87",0.0029,"4,194.30",0.0014,"5,823.33",0.0013,"7,524.30",0.0013,13742.54,0.0025,,"7,17,554.86",0.258113333
228,VANUATU REP,"3,34,530.00",0.2434,"7,42,341.75",0.5443,"14,528.87",0.0086,"1,382.62",0.0006,18705.49,0.007,61.82,0,103.65,0,708.07,0.0003,"3,234.25",0.0013,"32,35,671.34",1.0782,"50,28,580.45",1.3989,9671.87,0.0029,4194.3,0.0014,5823.33,0.0013,7524.3,0.0013,13742.54,0.0025,,"5,88,800.29",0.20575
229,VENEZUELA,"99,228.05",0.0722,"48,060.57",0.0352,"5,289.13",0.0031,1382.62,0.0006,18705.49,0.007,"4,72,737.13",0.1741,"71,58,579.90",2.6154,154.28,0.0001,"4,99,101.56",0.1936,182.84,0.0001,538.33,0.0001,9671.87,0.0029,4194.3,0.0014,5823.33,0.0013,7524.3,0.0013,13742.54,0.0025,,"5,21,557.27",0.19443125
230,VIETNAM SOC REP,"6,629.79",0.0048,"9,905.92",0.0073,5289.13,0.0031,1382.62,0.0006,18705.49,0.007,"1,45,368.92",0.0535,"18,39,804.38",0.6722,"4,414.27",0.0018,"40,615.92",0.0158,7.12,0,0.04,0,9671.87,0.0029,4194.3,0.0014,5823.33,0.0013,7524.3,0.0013,13742.54,0.0025,,"1,32,067.50",0.04846875
231,VIRGIN IS US,6629.79,0.0048,9905.92,0.0073,5289.13,0.0031,1382.62,0.0006,18705.49,0.007,"7,576.84",0.0028,359.73,0.0001,"3,13,442.87",0.1259,40615.92,0.0158,"97,969.19",0.0326,"8,099.99",0.0023,9671.87,0.0029,4194.3,0.0014,5823.33,0.0013,7524.3,0.0013,13742.54,0.0025,,"34,433.36",0.01323125
232,WALLIS F IS,6629.79,0.0048,9905.92,0.0073,5289.13,0.0031,1382.62,0.0006,18705.49,0.007,7576.84,0.0028,610.29,0.0002,"16,171.30",0.0065,40615.92,0.0158,"7,05,579.61",0.2351,"3,56,718.66",0.0992,9671.87,0.0029,4194.3,0.0014,5823.33,0.0013,7524.3,0.0013,13742.54,0.0025,,"75,633.87",0.0244875
233,YEMEN REPUBLC,6629.79,0.0048,9905.92,0.0073,5289.13,0.0031,1382.62,0.0006,18705.49,0.007,7576.84,0.0028,"3,32,557.58",0.1215,16171.3,0.0065,40615.92,0.0158,"40,100.88",0.0134,"5,494.96",0.0015,9671.87,0.0029,4194.3,0.0014,5823.33,0.0013,7524.3,0.0013,13742.54,0.0025,,"32,836.67",0.01210625
234,ZAMBIA,6629.79,0.0048,9905.92,0.0073,5289.13,0.0031,1382.62,0.0006,18705.49,0.007,7576.84,0.0028,"1,74,047.78",0.0636,16171.3,0.0065,40615.92,0.0158,40100.88,0.0134,5494.96,0.0015,9671.87,0.0029,4194.3,0.0014,5823.33,0.0013,7524.3,0.0013,13742.54,0.0025,,"22,929.81",0.0084875
235,ZIMBABWE,6629.79,0.0048,9905.92,0.0073,5289.13,0.0031,1382.62,0.0006,18705.49,0.007,7576.84,0.0028,"20,149.97",0.0074,16171.3,0.0065,40615.92,0.0158,40100.88,0.0134,5494.96,0.0015,9671.87,0.0029,4194.3,0.0014,5823.33,0.0013,7524.3,0.0013,13742.54,0.0025,,"13,311.20",0.004975
,,,,,,,,,,,,,,,,,,,,,,,,,,,,,,,,,,,,
,,"6,02,365.97",0.433002165,"5,84,507.62",0.440687665,"7,16,508.16",0.425611489,"10,01,798.10",0.44446,"11,44,852.94",0.428915745,"11,71,741.63",0.436727511,"11,76,715.69",0.436678603,"10,87,668.97",0.442565044,"11,27,035.38",0.444792889,"13,07,685.04",0.444565333,"17,94,597.48",0.43860614,"14,53,109.64",0.438812281,"12,75,470.00",0.427434188,"19,82,611.94",0.444487556,"28,82,165.86",0.490373276,"23,81,349.08",0.490009787,,,
